{
  "roc_auc": 0.9332145053016696,
  "pr_auc": 0.7882601608495539,
  "f1": 0.6366253276528877,
  "precision": 0.5123296631418293,
  "recall_dr": 0.8405501600758348,
  "far": 0.09896114468759125,
  "mcc": 0.6033687675562879,
  "tp": 46996,
  "fp": 44734,
  "fn": 8915,
  "tn": 407302,
  "f1_threshold_metrics": {
    "roc_auc": 0.9332145053016696,
    "pr_auc": 0.7882601608495539,
    "f1": 0.78232304317586,
    "precision": 0.9736842105263158,
    "recall_dr": 0.6538248287456851,
    "far": 0.002185666628321638,
    "mcc": 0.779537489638334,
    "tp": 36556,
    "fp": 988,
    "fn": 19355,
    "tn": 451048
  },
  "val_youden_metrics": {
    "roc_auc": 0.9353839185154647,
    "pr_auc": 0.7924724513968764,
    "f1": 0.6386378025945334,
    "precision": 0.5137296547539065,
    "recall_dr": 0.8437989463192368,
    "far": 0.09933106370168363,
    "mcc": 0.6055882461997344,
    "tp": 23704,
    "fp": 22437,
    "fn": 4388,
    "tn": 203444
  },
  "val_f1_metrics": {
    "roc_auc": 0.9353839185154647,
    "pr_auc": 0.7924724513968764,
    "f1": 0.7869304327544897,
    "precision": 0.9730480834775314,
    "recall_dr": 0.6605795244197636,
    "far": 0.0022755344628366263,
    "mcc": 0.7834793922737661,
    "tp": 18557,
    "fp": 514,
    "fn": 9535,
    "tn": 225367
  },
  "far_constrained_metrics": {
    "far_1pct": {
      "roc_auc": 0.9332145053016696,
      "pr_auc": 0.7882601608495539,
      "f1": 0.7780316976660531,
      "precision": 0.9523920532545911,
      "recall_dr": 0.6576344547584554,
      "far": 0.0040660478368979465,
      "mcc": 0.7718792742104525,
      "tp": 36769,
      "fp": 1838,
      "fn": 19142,
      "tn": 450198
    },
    "far_2pct": {
      "roc_auc": 0.9332145053016696,
      "pr_auc": 0.7882601608495539,
      "f1": 0.7780316976660531,
      "precision": 0.9523920532545911,
      "recall_dr": 0.6576344547584554,
      "far": 0.0040660478368979465,
      "mcc": 0.7718792742104525,
      "tp": 36769,
      "fp": 1838,
      "fn": 19142,
      "tn": 450198
    },
    "far_5pct": {
      "roc_auc": 0.9332145053016696,
      "pr_auc": 0.7882601608495539,
      "f1": 0.7780316976660531,
      "precision": 0.9523920532545911,
      "recall_dr": 0.6576344547584554,
      "far": 0.0040660478368979465,
      "mcc": 0.7718792742104525,
      "tp": 36769,
      "fp": 1838,
      "fn": 19142,
      "tn": 450198
    },
    "far_10pct": {
      "roc_auc": 0.9332145053016696,
      "pr_auc": 0.7882601608495539,
      "f1": 0.6365132358617701,
      "precision": 0.5121844892977025,
      "recall_dr": 0.8405501600758348,
      "far": 0.09901866223044183,
      "mcc": 0.6032553277735038,
      "tp": 46996,
      "fp": 44760,
      "fn": 8915,
      "tn": 407276
    }
  },
  "majority_vote_metrics": {
    "roc_auc": 0.8203140897314778,
    "pr_auc": 0.6683383133157249,
    "f1": 0.7721939963817963,
    "precision": 0.9791483516483517,
    "recall_dr": 0.6374595339020944,
    "far": 0.0016790698085993152,
    "mcc": 0.7714879296837719,
    "tp": 35641,
    "fp": 759,
    "fn": 20270,
    "tn": 451277
  },
  "two_stage_lr_metrics": {
    "roc_auc": 0.9366647298210221,
    "pr_auc": 0.8008065135601055,
    "f1": 0.7729351598568478,
    "precision": 0.9771994094811088,
    "recall_dr": 0.6393017474200068,
    "far": 0.0018449857975913423,
    "mcc": 0.7717833182365074,
    "tp": 35744,
    "fp": 834,
    "fn": 20167,
    "tn": 451202
  },
  "isotonic_calibration_metrics": {
    "roc_auc": 0.9434439168871049,
    "pr_auc": 0.7952275180301189,
    "f1": 0.7729351598568478,
    "precision": 0.9771994094811088,
    "recall_dr": 0.6393017474200068,
    "far": 0.0018449857975913423,
    "mcc": 0.7717833182365074,
    "tp": 35744,
    "fp": 834,
    "fn": 20167,
    "tn": 451202
  },
  "bitstring_coverage": {
    "n_qubits": 13,
    "state_space_size": 8192,
    "n_train_samples": 1582625,
    "n_train_unique_bitstrings": 143,
    "train_coverage_pct": 1.74560546875,
    "n_normal_test_samples": 452036,
    "n_normal_test_unique_bitstrings": 122,
    "n_normal_unseen_bitstrings": 4,
    "normal_test_coverage_pct": 96.72131147540983,
    "far_floor_empirical": 8.84885274624145e-06,
    "far_floor_pct": 0.000884885274624145,
    "far_floor_n_samples": 4,
    "expected_coverage_good_turing": 1.0,
    "expected_far_floor_good_turing": 0.0,
    "n_anomaly_test_samples": 55911,
    "n_anomaly_bitstrings_in_train": 55840,
    "anomaly_overlap_pct": 99.873012466241
  },
  "active_threshold": "youden"
}