{
  "roc_auc": 0.9244134868208506,
  "pr_auc": 0.7844864755914385,
  "f1": 0.5960131182080979,
  "precision": 0.458212811909445,
  "recall_dr": 0.852341410047169,
  "far": 0.12426634821645768,
  "mcc": 0.5646101022351248,
  "tp": 47524,
  "fp": 56192,
  "fn": 8233,
  "tn": 395998,
  "f1_threshold_metrics": {
    "roc_auc": 0.9244134868208506,
    "pr_auc": 0.7844864755914385,
    "f1": 0.7788855678906917,
    "precision": 0.9620283205442607,
    "recall_dr": 0.6543214304930323,
    "far": 0.0031845020898294964,
    "mcc": 0.774410339203564,
    "tp": 36483,
    "fp": 1440,
    "fn": 19274,
    "tn": 450750
  },
  "val_youden_metrics": {
    "roc_auc": 0.9239377732147538,
    "pr_auc": 0.7864786346419497,
    "f1": 0.599370197757904,
    "precision": 0.4619626422274863,
    "recall_dr": 0.853126792885829,
    "far": 0.12256452219298052,
    "mcc": 0.5680784805260631,
    "tp": 23792,
    "fp": 27710,
    "fn": 4096,
    "tn": 198375
  },
  "val_f1_metrics": {
    "roc_auc": 0.9239377732147538,
    "pr_auc": 0.7864786346419497,
    "f1": 0.780584595690207,
    "precision": 0.963702454957328,
    "recall_dr": 0.6559452094090649,
    "far": 0.0030475263728243804,
    "mcc": 0.7762347618618547,
    "tp": 18293,
    "fp": 689,
    "fn": 9595,
    "tn": 225396
  },
  "far_constrained_metrics": {
    "far_1pct": {
      "roc_auc": 0.9244134868208506,
      "pr_auc": 0.7844864755914385,
      "f1": 0.7696450479299661,
      "precision": 0.9155967841682128,
      "recall_dr": 0.6638269634306007,
      "far": 0.007545500785068223,
      "mcc": 0.7580088447612953,
      "tp": 37013,
      "fp": 3412,
      "fn": 18744,
      "tn": 448778
    },
    "far_2pct": {
      "roc_auc": 0.9244134868208506,
      "pr_auc": 0.7844864755914385,
      "f1": 0.7696450479299661,
      "precision": 0.9155967841682128,
      "recall_dr": 0.6638269634306007,
      "far": 0.007545500785068223,
      "mcc": 0.7580088447612953,
      "tp": 37013,
      "fp": 3412,
      "fn": 18744,
      "tn": 448778
    },
    "far_5pct": {
      "roc_auc": 0.9244134868208506,
      "pr_auc": 0.7844864755914385,
      "f1": 0.7696450479299661,
      "precision": 0.9155967841682128,
      "recall_dr": 0.6638269634306007,
      "far": 0.007545500785068223,
      "mcc": 0.7580088447612953,
      "tp": 37013,
      "fp": 3412,
      "fn": 18744,
      "tn": 448778
    },
    "far_10pct": {
      "roc_auc": 0.9244134868208506,
      "pr_auc": 0.7844864755914385,
      "f1": 0.6175413321881991,
      "precision": 0.5030353636794476,
      "recall_dr": 0.7995408648241477,
      "far": 0.0973971118335213,
      "mcc": 0.578349096167279,
      "tp": 44580,
      "fp": 44042,
      "fn": 11177,
      "tn": 408148
    }
  },
  "majority_vote_metrics": {
    "roc_auc": 0.8263384721527705,
    "pr_auc": 0.6792859172985062,
    "f1": 0.7776992439332605,
    "precision": 0.96515244145557,
    "recall_dr": 0.6512186810624675,
    "far": 0.002899223777615604,
    "mcc": 0.7738995080104313,
    "tp": 36310,
    "fp": 1311,
    "fn": 19447,
    "tn": 450879
  },
  "two_stage_lr_metrics": {
    "roc_auc": 0.9339280677967785,
    "pr_auc": 0.7821674140625465,
    "f1": 0.7746181116447489,
    "precision": 0.9792500411161669,
    "recall_dr": 0.6407267248955288,
    "far": 0.0016740750569450894,
    "mcc": 0.7737181199427623,
    "tp": 35725,
    "fp": 757,
    "fn": 20032,
    "tn": 451433
  },
  "isotonic_calibration_metrics": {
    "roc_auc": 0.9415284433801265,
    "pr_auc": 0.7737549538981646,
    "f1": 0.7746181116447489,
    "precision": 0.9792500411161669,
    "recall_dr": 0.6407267248955288,
    "far": 0.0016740750569450894,
    "mcc": 0.7737181199427623,
    "tp": 35725,
    "fp": 757,
    "fn": 20032,
    "tn": 451433
  },
  "bitstring_coverage": {
    "n_qubits": 13,
    "state_space_size": 8192,
    "n_train_samples": 1582267,
    "n_train_unique_bitstrings": 140,
    "train_coverage_pct": 1.708984375,
    "n_normal_test_samples": 452190,
    "n_normal_test_unique_bitstrings": 119,
    "n_normal_unseen_bitstrings": 7,
    "normal_test_coverage_pct": 95.7983193277311,
    "far_floor_empirical": 1.548021849222672e-05,
    "far_floor_pct": 0.001548021849222672,
    "far_floor_n_samples": 7,
    "expected_coverage_good_turing": 1.0,
    "expected_far_floor_good_turing": 0.0,
    "n_anomaly_test_samples": 55757,
    "n_anomaly_bitstrings_in_train": 55685,
    "anomaly_overlap_pct": 99.87086823179152
  },
  "active_threshold": "youden"
}