{
  "mode": "standard",
  "mean_": {
    "sbytes": 6.990118448034162,
    "Sload": 13.405751440937818,
    "dbytes": 6.837863762269342,
    "Dload": 11.167212632068452,
    "Dpkts": 44.64038746351569,
    "is_int_state": 0.15824501819364065,
    "is_not_tcp": 0.3874967024202126,
    "is_con_state": 0.232545607848718
  },
  "std_": {
    "sbytes": 1.6392852804499416,
    "Sload": 3.01324786678365,
    "dbytes": 3.671612853147152,
    "Dload": 5.342874034959671,
    "Dpkts": 123.2685224039584,
    "is_int_state": 0.3649705911584315,
    "is_not_tcp": 0.48717862025511116,
    "is_con_state": 0.4224549066101473
  },
  "min_": null,
  "max_": null
}