{
  "roc_auc": 0.9409782194261586,
  "pr_auc": 0.8568158572320224,
  "f1": 0.8600541751009672,
  "precision": 0.9487594390507011,
  "recall_dr": 0.7865178587397829,
  "far": 0.0052540063180808606,
  "mcc": 0.8491345545599365,
  "tp": 43975,
  "fp": 2375,
  "fn": 11936,
  "tn": 449661,
  "f1_threshold_metrics": {
    "roc_auc": 0.9409782194261586,
    "pr_auc": 0.8568158572320224,
    "f1": 0.8600541751009672,
    "precision": 0.9487594390507011,
    "recall_dr": 0.7865178587397829,
    "far": 0.0052540063180808606,
    "mcc": 0.8491345545599365,
    "tp": 43975,
    "fp": 2375,
    "fn": 11936,
    "tn": 449661
  },
  "val_youden_metrics": {
    "roc_auc": 0.9433264020319171,
    "pr_auc": 0.8599851618831076,
    "f1": 0.6796587926509187,
    "precision": 0.5382680635237382,
    "recall_dr": 0.9217926811903745,
    "far": 0.09833939109531124,
    "mcc": 0.659128727541222,
    "tp": 25895,
    "fp": 22213,
    "fn": 2197,
    "tn": 203668
  },
  "val_f1_metrics": {
    "roc_auc": 0.9433264020319171,
    "pr_auc": 0.8599851618831076,
    "f1": 0.8626179474236011,
    "precision": 0.9487913214316221,
    "recall_dr": 0.7907945322511747,
    "far": 0.005308104710002169,
    "mcc": 0.8516105227496676,
    "tp": 22215,
    "fp": 1199,
    "fn": 5877,
    "tn": 224682
  },
  "far_constrained_metrics": {
    "far_1pct": {
      "roc_auc": 0.9409782194261586,
      "pr_auc": 0.8568158572320224,
      "f1": 0.860045764800219,
      "precision": 0.948738970033009,
      "recall_dr": 0.7865178587397829,
      "far": 0.0052562185312674215,
      "mcc": 0.8491239100799203,
      "tp": 43975,
      "fp": 2376,
      "fn": 11936,
      "tn": 449660
    },
    "far_2pct": {
      "roc_auc": 0.9409782194261586,
      "pr_auc": 0.8568158572320224,
      "f1": 0.860045764800219,
      "precision": 0.948738970033009,
      "recall_dr": 0.7865178587397829,
      "far": 0.0052562185312674215,
      "mcc": 0.8491239100799203,
      "tp": 43975,
      "fp": 2376,
      "fn": 11936,
      "tn": 449660
    },
    "far_5pct": {
      "roc_auc": 0.9409782194261586,
      "pr_auc": 0.8568158572320224,
      "f1": 0.860045764800219,
      "precision": 0.948738970033009,
      "recall_dr": 0.7865178587397829,
      "far": 0.0052562185312674215,
      "mcc": 0.8491239100799203,
      "tp": 43975,
      "fp": 2376,
      "fn": 11936,
      "tn": 449660
    },
    "far_10pct": {
      "roc_auc": 0.9409782194261586,
      "pr_auc": 0.8568158572320224,
      "f1": 0.6751386443083555,
      "precision": 0.5336061572338149,
      "recall_dr": 0.9188531773711792,
      "far": 0.09933500871611996,
      "mcc": 0.6544219288980668,
      "tp": 51374,
      "fp": 44903,
      "fn": 4537,
      "tn": 407133
    }
  },
  "majority_vote_metrics": {
    "roc_auc": 0.9254447986635456,
    "pr_auc": 0.829254796638193,
    "f1": 0.8650807705172855,
    "precision": 0.9613206515797529,
    "recall_dr": 0.7863568886265673,
    "far": 0.003913405127025281,
    "mcc": 0.8555456147114312,
    "tp": 43966,
    "fp": 1769,
    "fn": 11945,
    "tn": 450267
  },
  "two_stage_lr_metrics": {
    "roc_auc": 0.9458822139406492,
    "pr_auc": 0.8826014110473002,
    "f1": 0.903081764953778,
    "precision": 0.905476841196778,
    "recall_dr": 0.9006993257140813,
    "far": 0.011629604721747825,
    "mcc": 0.8911337864085513,
    "tp": 50359,
    "fp": 5257,
    "fn": 5552,
    "tn": 446779
  },
  "isotonic_calibration_metrics": {
    "roc_auc": 0.9575592606664213,
    "pr_auc": 0.8926222610772869,
    "f1": 0.903081764953778,
    "precision": 0.905476841196778,
    "recall_dr": 0.9006993257140813,
    "far": 0.011629604721747825,
    "mcc": 0.8911337864085513,
    "tp": 50359,
    "fp": 5257,
    "fn": 5552,
    "tn": 446779
  },
  "bitstring_coverage": {
    "n_qubits": 15,
    "state_space_size": 32768,
    "n_train_samples": 1582625,
    "n_train_unique_bitstrings": 185,
    "train_coverage_pct": 0.5645751953125,
    "n_normal_test_samples": 452036,
    "n_normal_test_unique_bitstrings": 156,
    "n_normal_unseen_bitstrings": 5,
    "normal_test_coverage_pct": 96.7948717948718,
    "far_floor_empirical": 1.1061065932801812e-05,
    "far_floor_pct": 0.0011061065932801812,
    "far_floor_n_samples": 5,
    "expected_coverage_good_turing": 1.0,
    "expected_far_floor_good_turing": 0.0,
    "n_anomaly_test_samples": 55911,
    "n_anomaly_bitstrings_in_train": 55764,
    "anomaly_overlap_pct": 99.73708214841444
  },
  "active_threshold": "f1"
}