{
  "mode": "standard",
  "mean_": {
    "sbytes": 6.989693190428195,
    "Sload": 13.406066334823723,
    "dbytes": 6.837768997026935,
    "Dload": 11.167102652929593,
    "Dpkts": 44.80070243371232,
    "is_not_tcp": 0.3876513863334794,
    "is_int_state": 0.15831870398505135,
    "is_con_state": 0.2326721674141181,
    "sttl": 58.41259093304774
  },
  "std_": {
    "sbytes": 1.6388213659300794,
    "Sload": 3.012397888055347,
    "dbytes": 3.6727874019121365,
    "Dload": 5.343258771981492,
    "Dpkts": 124.28804851794744,
    "is_not_tcp": 0.48721431527327985,
    "is_int_state": 0.36503957587300745,
    "is_con_state": 0.4225350043782582,
    "sttl": 70.48389290120112
  },
  "min_": null,
  "max_": null
}