{
  "ibm_dist_path": "artifacts\\shallow_circuit\\ibm_dist.npy",
  "config": "best_config.json",
  "ibm_metrics": {
    "roc_auc": 0.4690087614766757,
    "pr_auc": 0.1314567912013284,
    "f1": 0.2753290191952677,
    "precision": 0.15983924172800737,
    "recall_dr": 0.9923092057019192,
    "far": 0.6451344583174792,
    "mcc": 0.23358938463254664,
    "tp": 55481,
    "fp": 291624,
    "fn": 430,
    "tn": 160412
  },
  "simulator_metrics_saved": {
    "roc_auc": 0.9575592606664213,
    "f1": 0.903081764953778,
    "far": 0.011629604721747825,
    "recall_dr": 0.9006993257140813
  },
  "delta": {
    "roc_auc": -0.4886,
    "f1": -0.6278
  }
}