{
  "roc_auc": 0.9294661311682145,
  "pr_auc": 0.7832330617316187,
  "f1": 0.5112971750850953,
  "precision": 0.3540178632866796,
  "recall_dr": 0.9200450651835691,
  "far": 0.20768182501968904,
  "mcc": 0.49336204061795663,
  "tp": 51448,
  "fp": 93878,
  "fn": 4471,
  "tn": 358150,
  "f1_threshold_metrics": {
    "roc_auc": 0.9294661311682145,
    "pr_auc": 0.7832330617316187,
    "f1": 0.7749040079382199,
    "precision": 0.9762480637008452,
    "recall_dr": 0.6424113449811334,
    "far": 0.0019335085437185307,
    "mcc": 0.7733581529189654,
    "tp": 35923,
    "fp": 874,
    "fn": 19996,
    "tn": 451154
  },
  "val_youden_metrics": {
    "roc_auc": 0.929745377192379,
    "pr_auc": 0.7818919910681281,
    "f1": 0.5088117741567574,
    "precision": 0.3513298819404498,
    "recall_dr": 0.9221698961066973,
    "far": 0.20942181503033305,
    "mcc": 0.4918153672259431,
    "tp": 25652,
    "fp": 47362,
    "fn": 2165,
    "tn": 178794
  },
  "val_f1_metrics": {
    "roc_auc": 0.929745377192379,
    "pr_auc": 0.7818919910681281,
    "f1": 0.773552140314318,
    "precision": 0.9762752725878034,
    "recall_dr": 0.6405435525038645,
    "far": 0.0019146076159818886,
    "mcc": 0.7722615450638977,
    "tp": 17818,
    "fp": 433,
    "fn": 9999,
    "tn": 225723
  },
  "far_constrained_metrics": {
    "far_1pct": {
      "roc_auc": 0.9294661311682145,
      "pr_auc": 0.7832330617316187,
      "f1": 0.7682300511522113,
      "precision": 0.9049270161485864,
      "recall_dr": 0.6674117920563672,
      "far": 0.00867424141867318,
      "mcc": 0.7548900508734159,
      "tp": 37321,
      "fp": 3921,
      "fn": 18598,
      "tn": 448107
    },
    "far_2pct": {
      "roc_auc": 0.9294661311682145,
      "pr_auc": 0.7832330617316187,
      "f1": 0.7348283288990245,
      "precision": 0.8074534161490683,
      "recall_dr": 0.6741894526010838,
      "far": 0.019888148521772987,
      "mcc": 0.7088538959636881,
      "tp": 37700,
      "fp": 8990,
      "fn": 18219,
      "tn": 443038
    },
    "far_5pct": {
      "roc_auc": 0.9294661311682145,
      "pr_auc": 0.7832330617316187,
      "f1": 0.7348283288990245,
      "precision": 0.8074534161490683,
      "recall_dr": 0.6741894526010838,
      "far": 0.019888148521772987,
      "mcc": 0.7088538959636881,
      "tp": 37700,
      "fp": 8990,
      "fn": 18219,
      "tn": 443038
    },
    "far_10pct": {
      "roc_auc": 0.9294661311682145,
      "pr_auc": 0.7832330617316187,
      "f1": 0.6246940024479805,
      "precision": 0.5111126284524257,
      "recall_dr": 0.8031795990629303,
      "far": 0.095038360455547,
      "mcc": 0.5859919164634825,
      "tp": 44913,
      "fp": 42960,
      "fn": 11006,
      "tn": 409068
    }
  },
  "majority_vote_metrics": {
    "roc_auc": 0.8340146270399479,
    "pr_auc": 0.692777921260382,
    "f1": 0.7800996520768009,
    "precision": 0.9762935089369709,
    "recall_dr": 0.649564548722259,
    "far": 0.0019512065624253366,
    "mcc": 0.7780115166539374,
    "tp": 36323,
    "fp": 882,
    "fn": 19596,
    "tn": 451146
  },
  "two_stage_lr_metrics": {
    "roc_auc": 0.9311277112955235,
    "pr_auc": 0.7862252822343714,
    "f1": 0.7766805600085498,
    "precision": 0.9651005285384187,
    "recall_dr": 0.6498149108531984,
    "far": 0.0029068995725928483,
    "mcc": 0.772913683468993,
    "tp": 36337,
    "fp": 1314,
    "fn": 19582,
    "tn": 450714
  },
  "isotonic_calibration_metrics": {
    "roc_auc": 0.9392370849832437,
    "pr_auc": 0.7827012365197283,
    "f1": 0.7766805600085498,
    "precision": 0.9651005285384187,
    "recall_dr": 0.6498149108531984,
    "far": 0.0029068995725928483,
    "mcc": 0.772913683468993,
    "tp": 36337,
    "fp": 1314,
    "fn": 19582,
    "tn": 450714
  },
  "bitstring_coverage": {
    "n_qubits": 13,
    "state_space_size": 8192,
    "n_train_samples": 1582358,
    "n_train_unique_bitstrings": 140,
    "train_coverage_pct": 1.708984375,
    "n_normal_test_samples": 452028,
    "n_normal_test_unique_bitstrings": 122,
    "n_normal_unseen_bitstrings": 8,
    "normal_test_coverage_pct": 95.08196721311475,
    "far_floor_empirical": 1.7698018706805774e-05,
    "far_floor_pct": 0.0017698018706805774,
    "far_floor_n_samples": 8,
    "expected_coverage_good_turing": 1.0,
    "expected_far_floor_good_turing": 0.0,
    "n_anomaly_test_samples": 55919,
    "n_anomaly_bitstrings_in_train": 55845,
    "anomaly_overlap_pct": 99.86766573078917
  },
  "active_threshold": "youden"
}