{
  "mode": "standard",
  "mean_": {
    "sbytes": 6.989954353989467,
    "Sload": 13.404864317882481,
    "dbytes": 6.83849281661348,
    "Dload": 11.166774258669493,
    "Dpkts": 44.751227205919164,
    "is_int_state": 0.15831589155026468,
    "is_not_tcp": 0.38747026553321795,
    "is_con_state": 0.23243929781378195
  },
  "std_": {
    "sbytes": 1.6390316114592796,
    "Sload": 3.0134607410157566,
    "dbytes": 3.6727625202975744,
    "Dload": 5.343021798028061,
    "Dpkts": 123.85621920419061,
    "is_int_state": 0.36503694338095355,
    "is_not_tcp": 0.48717251447596627,
    "is_con_state": 0.42238758344158017
  },
  "min_": null,
  "max_": null
}