{
  "n_total_attacks": 55911,
  "n_s1_flagged": 91920,
  "n_s1_true_positive": 47048,
  "s1_recall": 0.84148,
  "s2_accuracy_given_s1_tp": 0.889241,
  "e2e_recall": 0.748279,
  "e2e_precision": 0.455146
}