{
  "roc_auc": 0.9340628728957228,
  "pr_auc": 0.7993346325452598,
  "f1": 0.636510610088547,
  "precision": 0.5118363794604004,
  "recall_dr": 0.8414802096188585,
  "far": 0.09926643010733659,
  "mcc": 0.6033903887875515,
  "tp": 47048,
  "fp": 44872,
  "fn": 8863,
  "tn": 407164,
  "f1_threshold_metrics": {
    "roc_auc": 0.9340628728957228,
    "pr_auc": 0.7993346325452598,
    "f1": 0.7778388574508219,
    "precision": 0.9787868923611112,
    "recall_dr": 0.645347069449661,
    "far": 0.0017299507118902035,
    "mcc": 0.776448729494125,
    "tp": 36082,
    "fp": 782,
    "fn": 19829,
    "tn": 451254
  },
  "val_youden_metrics": {
    "roc_auc": 0.9362790672990184,
    "pr_auc": 0.8038278338055956,
    "f1": 0.6387719133020302,
    "precision": 0.5134421974694495,
    "recall_dr": 0.8450448526270824,
    "far": 0.09959226318282635,
    "mcc": 0.6059095593668942,
    "tp": 23739,
    "fp": 22496,
    "fn": 4353,
    "tn": 203385
  },
  "val_f1_metrics": {
    "roc_auc": 0.9362790672990184,
    "pr_auc": 0.8038278338055956,
    "f1": 0.7822222222222223,
    "precision": 0.9784049604447296,
    "recall_dr": 0.6515734016801936,
    "far": 0.0017885523793501887,
    "mcc": 0.7802044439797307,
    "tp": 18304,
    "fp": 404,
    "fn": 9788,
    "tn": 225477
  },
  "far_constrained_metrics": {
    "far_1pct": {
      "roc_auc": 0.9340628728957228,
      "pr_auc": 0.7993346325452598,
      "f1": 0.7585481325618095,
      "precision": 0.8959795321637427,
      "recall_dr": 0.6576702258947256,
      "far": 0.009443938093426188,
      "mcc": 0.7444626470981804,
      "tp": 36771,
      "fp": 4269,
      "fn": 19140,
      "tn": 447767
    },
    "far_2pct": {
      "roc_auc": 0.9340628728957228,
      "pr_auc": 0.7993346325452598,
      "f1": 0.7353033329416833,
      "precision": 0.8123796542697043,
      "recall_dr": 0.6715851979038114,
      "far": 0.019184312753851462,
      "mcc": 0.7099664875720834,
      "tp": 37549,
      "fp": 8672,
      "fn": 18362,
      "tn": 443364
    },
    "far_5pct": {
      "roc_auc": 0.9340628728957228,
      "pr_auc": 0.7993346325452598,
      "f1": 0.7495939637490835,
      "precision": 0.7790424013272117,
      "recall_dr": 0.72229078356674,
      "far": 0.02533868983886239,
      "mcc": 0.720575727836435,
      "tp": 40384,
      "fp": 11454,
      "fn": 15527,
      "tn": 440582
    },
    "far_10pct": {
      "roc_auc": 0.9340628728957228,
      "pr_auc": 0.7993346325452598,
      "f1": 0.6352396506809562,
      "precision": 0.5100961382135851,
      "recall_dr": 0.8417484931408846,
      "far": 0.09999203603252839,
      "mcc": 0.6021449341769655,
      "tp": 47063,
      "fp": 45200,
      "fn": 8848,
      "tn": 406836
    }
  },
  "majority_vote_metrics": {
    "roc_auc": 0.8322615719126107,
    "pr_auc": 0.6894954359000781,
    "f1": 0.773599565740317,
    "precision": 0.9552862625519163,
    "recall_dr": 0.6499794315966446,
    "far": 0.0037629746303391763,
    "mcc": 0.7683807069609574,
    "tp": 36341,
    "fp": 1701,
    "fn": 19570,
    "tn": 450335
  },
  "two_stage_lr_metrics": {
    "roc_auc": 0.9317036066646739,
    "pr_auc": 0.7875292276816649,
    "f1": 0.7708485715800074,
    "precision": 0.9462575473662295,
    "recall_dr": 0.650301371823076,
    "far": 0.004568220230247148,
    "mcc": 0.764290572293959,
    "tp": 36359,
    "fp": 2065,
    "fn": 19552,
    "tn": 449971
  },
  "isotonic_calibration_metrics": {
    "roc_auc": 0.9395339808882972,
    "pr_auc": 0.781314011878359,
    "f1": 0.7708485715800074,
    "precision": 0.9462575473662295,
    "recall_dr": 0.650301371823076,
    "far": 0.004568220230247148,
    "mcc": 0.764290572293959,
    "tp": 36359,
    "fp": 2065,
    "fn": 19552,
    "tn": 449971
  },
  "bitstring_coverage": {
    "n_qubits": 13,
    "state_space_size": 8192,
    "n_train_samples": 1582625,
    "n_train_unique_bitstrings": 143,
    "train_coverage_pct": 1.74560546875,
    "n_normal_test_samples": 452036,
    "n_normal_test_unique_bitstrings": 122,
    "n_normal_unseen_bitstrings": 4,
    "normal_test_coverage_pct": 96.72131147540983,
    "far_floor_empirical": 8.84885274624145e-06,
    "far_floor_pct": 0.000884885274624145,
    "far_floor_n_samples": 4,
    "expected_coverage_good_turing": 1.0,
    "expected_far_floor_good_turing": 0.0,
    "n_anomaly_test_samples": 55911,
    "n_anomaly_bitstrings_in_train": 55840,
    "anomaly_overlap_pct": 99.873012466241
  },
  "active_threshold": "youden"
}