{
  "roc_auc": 0.9615867839211145,
  "pr_auc": 0.9079638624522808,
  "f1": 0.8830448123034963,
  "precision": 0.938371741974439,
  "recall_dr": 0.833878843161453,
  "far": 0.00677379677724783,
  "mcc": 0.8714174292176597,
  "tp": 46623,
  "fp": 3062,
  "fn": 9288,
  "tn": 448974,
  "f1_threshold_metrics": {
    "roc_auc": 0.9615867839211145,
    "pr_auc": 0.9079638624522808,
    "f1": 0.8830448123034963,
    "precision": 0.938371741974439,
    "recall_dr": 0.833878843161453,
    "far": 0.00677379677724783,
    "mcc": 0.8714174292176597,
    "tp": 46623,
    "fp": 3062,
    "fn": 9288,
    "tn": 448974
  },
  "val_youden_metrics": {
    "roc_auc": 0.9636612230891173,
    "pr_auc": 0.910300077331007,
    "f1": 0.8805743098880437,
    "precision": 0.8469733337717423,
    "recall_dr": 0.9169514452513171,
    "far": 0.020603769241326186,
    "mcc": 0.8659264312527966,
    "tp": 25759,
    "fp": 4654,
    "fn": 2333,
    "tn": 221227
  },
  "val_f1_metrics": {
    "roc_auc": 0.9636612230891173,
    "pr_auc": 0.910300077331007,
    "f1": 0.885336439117857,
    "precision": 0.9372762707819585,
    "recall_dr": 0.8388509184109355,
    "far": 0.0069815522332555635,
    "mcc": 0.8736328826103823,
    "tp": 23565,
    "fp": 1577,
    "fn": 4527,
    "tn": 224304
  },
  "far_constrained_metrics": {
    "far_1pct": {
      "roc_auc": 0.9615867839211145,
      "pr_auc": 0.9079638624522808,
      "f1": 0.8743847435105646,
      "precision": 0.9169070748699834,
      "recall_dr": 0.83563162883869,
      "far": 0.009366510631896575,
      "mcc": 0.8608091184284378,
      "tp": 46721,
      "fp": 4234,
      "fn": 9190,
      "tn": 447802
    },
    "far_2pct": {
      "roc_auc": 0.9615867839211145,
      "pr_auc": 0.9079638624522808,
      "f1": 0.8790499369961853,
      "precision": 0.8494037194562588,
      "recall_dr": 0.910840442846667,
      "far": 0.01997407286145351,
      "mcc": 0.864171368582659,
      "tp": 50926,
      "fp": 9029,
      "fn": 4985,
      "tn": 443007
    },
    "far_5pct": {
      "roc_auc": 0.9615867839211145,
      "pr_auc": 0.9079638624522808,
      "f1": 0.8712077945325752,
      "precision": 0.8322530210742322,
      "recall_dr": 0.9139883028384397,
      "far": 0.022785795821571732,
      "mcc": 0.8556332777123794,
      "tp": 51102,
      "fp": 10300,
      "fn": 4809,
      "tn": 441736
    },
    "far_10pct": {
      "roc_auc": 0.9615867839211145,
      "pr_auc": 0.9079638624522808,
      "f1": 0.6733862998537492,
      "precision": 0.5330246237602078,
      "recall_dr": 0.9140956162472501,
      "far": 0.09905184542824023,
      "mcc": 0.6518729053026886,
      "tp": 51108,
      "fp": 44775,
      "fn": 4803,
      "tn": 407261
    }
  },
  "majority_vote_metrics": {
    "roc_auc": 0.9541489586599865,
    "pr_auc": 0.8942797047275279,
    "f1": 0.8773561672381458,
    "precision": 0.9325453556974005,
    "recall_dr": 0.8283343170395807,
    "far": 0.007410914174977214,
    "mcc": 0.865075386620487,
    "tp": 46313,
    "fp": 3350,
    "fn": 9598,
    "tn": 448686
  },
  "two_stage_lr_metrics": {
    "roc_auc": 0.961800063215985,
    "pr_auc": 0.8861841296007329,
    "f1": 0.9015352649197738,
    "precision": 0.895199971785286,
    "recall_dr": 0.9079608663769204,
    "far": 0.013147182967728235,
    "mcc": 0.8892876864119356,
    "tp": 50765,
    "fp": 5943,
    "fn": 5146,
    "tn": 446093
  },
  "isotonic_calibration_metrics": {
    "roc_auc": 0.9671321106156023,
    "pr_auc": 0.8931226376693232,
    "f1": 0.9015352649197738,
    "precision": 0.895199971785286,
    "recall_dr": 0.9079608663769204,
    "far": 0.013147182967728235,
    "mcc": 0.8892876864119356,
    "tp": 50765,
    "fp": 5943,
    "fn": 5146,
    "tn": 446093
  },
  "bitstring_coverage": {
    "n_qubits": 15,
    "state_space_size": 32768,
    "n_train_samples": 1582625,
    "n_train_unique_bitstrings": 185,
    "train_coverage_pct": 0.5645751953125,
    "n_normal_test_samples": 452036,
    "n_normal_test_unique_bitstrings": 156,
    "n_normal_unseen_bitstrings": 5,
    "normal_test_coverage_pct": 96.7948717948718,
    "far_floor_empirical": 1.1061065932801812e-05,
    "far_floor_pct": 0.0011061065932801812,
    "far_floor_n_samples": 5,
    "expected_coverage_good_turing": 1.0,
    "expected_far_floor_good_turing": 0.0,
    "n_anomaly_test_samples": 55911,
    "n_anomaly_bitstrings_in_train": 55764,
    "anomaly_overlap_pct": 99.73708214841444
  },
  "active_threshold": "f1"
}