{
  "ibm_dist_path": "artifacts\\best_run\\ibm_dist.npy",
  "config": "best_config.json",
  "ibm_metrics": {
    "roc_auc": 0.48551881354715326,
    "pr_auc": 0.1503028061313765,
    "f1": 0.26399229133243135,
    "precision": 0.15309004018681438,
    "recall_dr": 0.9579689148825813,
    "far": 0.6554898282437682,
    "mcc": 0.20447479780352878,
    "tp": 53561,
    "fp": 296305,
    "fn": 2350,
    "tn": 155731
  },
  "simulator_metrics_saved": {
    "roc_auc": 0.9671321106156023,
    "f1": 0.9015352649197738,
    "far": 0.013147182967728235,
    "recall_dr": 0.9079608663769204
  },
  "delta": {
    "roc_auc": -0.4816,
    "f1": -0.6375
  }
}