{
  "ibm_dist_path": "artifacts\\best_run\\ibm_dist.npy",
  "config": "best_config.json",
  "ibm_metrics": {
    "roc_auc": 0.5190244636836544,
    "pr_auc": 0.17236525379168843,
    "f1": 0.3164046572735922,
    "precision": 0.19034536891679749,
    "recall_dr": 0.9368460589150615,
    "far": 0.492889946818395,
    "mcc": 0.27887309618577644,
    "tp": 52380,
    "fp": 222804,
    "fn": 3531,
    "tn": 229232
  },
  "simulator_metrics_saved": {
    "roc_auc": 0.9671321106156023,
    "f1": 0.9015352649197738,
    "far": 0.013147182967728235,
    "recall_dr": 0.9079608663769204
  },
  "delta": {
    "roc_auc": -0.4481,
    "f1": -0.5851
  }
}