{
  "zne_metrics": {
    "roc_auc": 0.5017712292939633,
    "pr_auc": 0.16205834925476015,
    "f1": 0.31591641318238267,
    "precision": 0.18979033531211817,
    "recall_dr": 0.9417824757203412,
    "far": 0.4972767655673442,
    "mcc": 0.2794385807445895,
    "tp": 52656,
    "fp": 224787,
    "fn": 3255,
    "tn": 227249
  },
  "scale1_metrics": {
    "roc_auc": 0.5190244636836544,
    "pr_auc": 0.17236525379168843,
    "f1": 0.3164046572735922,
    "precision": 0.19034536891679749,
    "recall_dr": 0.9368460589150615,
    "far": 0.492889946818395,
    "mcc": 0.27887309618577644,
    "tp": 52380,
    "fp": 222804,
    "fn": 3531,
    "tn": 229232
  },
  "scale3_metrics": {
    "roc_auc": 0.84041890982872,
    "pr_auc": 0.2997667544499031,
    "f1": 0.4631973077180236,
    "precision": 0.30847691083747936,
    "recall_dr": 0.9292983491620611,
    "far": 0.2576697431178048,
    "mcc": 0.4464997721980673,
    "tp": 51958,
    "fp": 116476,
    "fn": 3953,
    "tn": 335560
  },
  "simulator_roc_auc": 0.9671321106156023,
  "delta_zne_vs_sim": -0.4654,
  "delta_zne_vs_raw": -0.0173,
  "n_states_clipped": 4074,
  "shots": 32768,
  "ensemble_members_run": 5
}