{
  "ibm_dist_path": "artifacts\\best_run\\ibm_dist.npy",
  "config": "best_config.json",
  "ibm_metrics": {
    "roc_auc": 0.862929050695712,
    "pr_auc": 0.38337504839110365,
    "f1": 0.5300147420711175,
    "precision": 0.390128356696504,
    "recall_dr": 0.8262953622721826,
    "far": 0.15976824854657593,
    "mcc": 0.49336876499465776,
    "tp": 46199,
    "fp": 72221,
    "fn": 9712,
    "tn": 379815
  },
  "simulator_metrics_saved": {
    "roc_auc": 0.9671321106156023,
    "f1": 0.9015352649197738,
    "far": 0.013147182967728235,
    "recall_dr": 0.9079608663769204
  },
  "delta": {
    "roc_auc": -0.1042,
    "f1": -0.3715
  }
}