{
  "roc_auc": 0.9346616424818425,
  "pr_auc": 0.7922231546343714,
  "f1": 0.6520560450352011,
  "precision": 0.5328819460143781,
  "recall_dr": 0.839889542134331,
  "far": 0.09146402193808555,
  "mcc": 0.6186986610402009,
  "tp": 47143,
  "fp": 41325,
  "fn": 8987,
  "tn": 410492,
  "f1_threshold_metrics": {
    "roc_auc": 0.9346616424818425,
    "pr_auc": 0.7922231546343714,
    "f1": 0.7767246704010564,
    "precision": 0.9654770729641003,
    "recall_dr": 0.6497060395510422,
    "far": 0.002886124249419566,
    "mcc": 0.7729429333030289,
    "tp": 36468,
    "fp": 1304,
    "fn": 19662,
    "tn": 450513
  },
  "val_youden_metrics": {
    "roc_auc": 0.935468619823187,
    "pr_auc": 0.7934218996532079,
    "f1": 0.6521451051846944,
    "precision": 0.531488356395545,
    "recall_dr": 0.8436729883210115,
    "far": 0.09214776921238726,
    "mcc": 0.6194575730829773,
    "tp": 23622,
    "fp": 20823,
    "fn": 4377,
    "tn": 205151
  },
  "val_f1_metrics": {
    "roc_auc": 0.935468619823187,
    "pr_auc": 0.7934218996532079,
    "f1": 0.7765694302285909,
    "precision": 0.9635921045668625,
    "recall_dr": 0.650344655166256,
    "far": 0.0030445980511032244,
    "mcc": 0.7725125873201814,
    "tp": 18209,
    "fp": 688,
    "fn": 9790,
    "tn": 225286
  },
  "far_constrained_metrics": {
    "far_1pct": {
      "roc_auc": 0.9346616424818425,
      "pr_auc": 0.7922231546343714,
      "f1": 0.7684894324316082,
      "precision": 0.8948788976489808,
      "recall_dr": 0.6733832175307323,
      "far": 0.00982698747501754,
      "mcc": 0.7534461576014021,
      "tp": 37797,
      "fp": 4440,
      "fn": 18333,
      "tn": 447377
    },
    "far_2pct": {
      "roc_auc": 0.9346616424818425,
      "pr_auc": 0.7922231546343714,
      "f1": 0.7598871187254823,
      "precision": 0.8668660669436961,
      "recall_dr": 0.6764119009442366,
      "far": 0.012905667560096234,
      "mcc": 0.7410848976050864,
      "tp": 37967,
      "fp": 5831,
      "fn": 18163,
      "tn": 445986
    },
    "far_5pct": {
      "roc_auc": 0.9346616424818425,
      "pr_auc": 0.7922231546343714,
      "f1": 0.7598871187254823,
      "precision": 0.8668660669436961,
      "recall_dr": 0.6764119009442366,
      "far": 0.012905667560096234,
      "mcc": 0.7410848976050864,
      "tp": 37967,
      "fp": 5831,
      "fn": 18163,
      "tn": 445986
    },
    "far_10pct": {
      "roc_auc": 0.9346616424818425,
      "pr_auc": 0.7922231546343714,
      "f1": 0.6404342841729045,
      "precision": 0.5152452256944444,
      "recall_dr": 0.8459825405309104,
      "far": 0.09887852825369563,
      "mcc": 0.6077894920202432,
      "tp": 47485,
      "fp": 44675,
      "fn": 8645,
      "tn": 407142
    }
  },
  "majority_vote_metrics": {
    "roc_auc": 0.8502107262074668,
    "pr_auc": 0.7187452378507047,
    "f1": 0.7716224764396222,
    "precision": 0.9688753668452653,
    "recall_dr": 0.6411010154997328,
    "far": 0.0025585580002523145,
    "mcc": 0.7689901792273491,
    "tp": 35985,
    "fp": 1156,
    "fn": 20145,
    "tn": 450661
  },
  "two_stage_lr_metrics": {
    "roc_auc": 0.9387000781835501,
    "pr_auc": 0.7946462148965101,
    "f1": 0.7737815271095385,
    "precision": 0.9807481951432947,
    "recall_dr": 0.638945305540709,
    "far": 0.0015581529690117902,
    "mcc": 0.7731190788322192,
    "tp": 35864,
    "fp": 704,
    "fn": 20266,
    "tn": 451113
  },
  "isotonic_calibration_metrics": {
    "roc_auc": 0.9453328522101034,
    "pr_auc": 0.7883899756433017,
    "f1": 0.7737815271095385,
    "precision": 0.9807481951432947,
    "recall_dr": 0.638945305540709,
    "far": 0.0015581529690117902,
    "mcc": 0.7731190788322192,
    "tp": 35864,
    "fp": 704,
    "fn": 20266,
    "tn": 451113
  },
  "bitstring_coverage": {
    "n_qubits": 13,
    "state_space_size": 8192,
    "n_train_samples": 1582751,
    "n_train_unique_bitstrings": 143,
    "train_coverage_pct": 1.74560546875,
    "n_normal_test_samples": 451817,
    "n_normal_test_unique_bitstrings": 116,
    "n_normal_unseen_bitstrings": 4,
    "normal_test_coverage_pct": 97.41379310344827,
    "far_floor_empirical": 8.853141869385171e-06,
    "far_floor_pct": 0.0008853141869385172,
    "far_floor_n_samples": 4,
    "expected_coverage_good_turing": 1.0,
    "expected_far_floor_good_turing": 0.0,
    "n_anomaly_test_samples": 56130,
    "n_anomaly_bitstrings_in_train": 56057,
    "anomaly_overlap_pct": 99.86994477106717
  },
  "active_threshold": "youden"
}