{
  "mode": "standard",
  "mean_": {
    "sbytes": 6.989903018651563,
    "Sload": 13.403804060563326,
    "dbytes": 6.838408057882205,
    "Dload": 11.168137890509213,
    "Dpkts": 44.69845017968646,
    "is_int_state": 0.15814377054132056,
    "is_not_tcp": 0.38758051297685536,
    "is_con_state": 0.23277847744905414
  },
  "std_": {
    "sbytes": 1.6393501262796812,
    "Sload": 3.014185215850083,
    "dbytes": 3.671123093550264,
    "Dload": 5.34160690958757,
    "Dpkts": 123.37791667819546,
    "is_int_state": 0.3648757574576513,
    "is_not_tcp": 0.4871979668855905,
    "is_con_state": 0.42260224548096564
  },
  "min_": null,
  "max_": null
}