{
  "benchmark_date": "2026-03-25",
  "settings": {
    "qcbm_iter": 800,
    "seed": 42,
    "spsa_a": 0.2,
    "spsa_c": 0.1
  },
  "configs": [
    {
      "config_name": "baseline",
      "config_label": "8q - original continuous features",
      "n_qubits": 8,
      "n_layers": 3,
      "n_params": 80,
      "n_states": 256,
      "use_rzz": false,
      "features": [
        "dur",
        "sbytes",
        "dbytes",
        "Sload",
        "Dload",
        "Spkts",
        "Dpkts",
        "tcprtt"
      ],
      "final_kl_normal": 1.3621146406623614,
      "metrics_youden": {
        "roc_auc": 0.5399835325479203,
        "pr_auc": 0.17670307205089292,
        "f1": 0.31329251032610267,
        "precision": 0.19626612140760075,
        "recall_dr": 0.7759832591082255,
        "far": 0.39304612906936615,
        "mcc": 0.241742371660143,
        "tp": 43386,
        "fp": 177671,
        "fn": 12525,
        "tn": 274365
      },
      "metrics_f1": {
        "roc_auc": 0.5399835325479203,
        "pr_auc": 0.17670307205089292,
        "f1": 0.31329251032610267,
        "precision": 0.19626612140760075,
        "recall_dr": 0.7759832591082255,
        "far": 0.39304612906936615,
        "mcc": 0.241742371660143,
        "tp": 43386,
        "fp": 177671,
        "fn": 12525,
        "tn": 274365
      },
      "youden_threshold": 0.5516851150854415,
      "f1_threshold": 0.5516851150854415,
      "val_youden_j": 0.38794179416256064,
      "val_f1": 0.3161849002458703
    },
    {
      "config_name": "8q_new_feats",
      "config_label": "8q - state + proto replace Sload/Dload",
      "n_qubits": 8,
      "n_layers": 3,
      "n_params": 80,
      "n_states": 256,
      "use_rzz": false,
      "features": [
        "is_not_tcp",
        "is_int_state",
        "is_con_state",
        "dur",
        "sbytes",
        "dbytes",
        "Spkts",
        "Dpkts"
      ],
      "final_kl_normal": 1.4649806776404581,
      "metrics_youden": {
        "roc_auc": 0.6708194042501808,
        "pr_auc": 0.19866811209192642,
        "f1": 0.3071087352772312,
        "precision": 0.1818995202831419,
        "recall_dr": 0.9854053764017814,
        "far": 0.5481687299241653,
        "mcc": 0.2789143781630644,
        "tp": 55095,
        "fp": 247792,
        "fn": 816,
        "tn": 204244
      },
      "metrics_f1": {
        "roc_auc": 0.6708194042501808,
        "pr_auc": 0.19866811209192642,
        "f1": 0.3071087352772312,
        "precision": 0.1818995202831419,
        "recall_dr": 0.9854053764017814,
        "far": 0.5481687299241653,
        "mcc": 0.2789143781630644,
        "tp": 55095,
        "fp": 247792,
        "fn": 816,
        "tn": 204244
      },
      "youden_threshold": -0.3474404768076979,
      "f1_threshold": -0.3474404768076979,
      "val_youden_j": 0.4370116737642038,
      "val_f1": 0.3080402791979727
    },
    {
      "config_name": "10q_new_feats",
      "config_label": "10q - state + proto + service + tcprtt",
      "n_qubits": 10,
      "n_layers": 3,
      "n_params": 100,
      "n_states": 1024,
      "use_rzz": false,
      "features": [
        "is_not_tcp",
        "is_int_state",
        "is_con_state",
        "is_anom_service",
        "dur",
        "sbytes",
        "dbytes",
        "Spkts",
        "Dpkts",
        "tcprtt"
      ],
      "final_kl_normal": 1.540587203233602,
      "metrics_youden": {
        "roc_auc": 0.6275952484374394,
        "pr_auc": 0.16817789538624153,
        "f1": 0.2836633739814381,
        "precision": 0.16567205909321853,
        "recall_dr": 0.9856200032194022,
        "far": 0.6139334035342318,
        "mcc": 0.24469075729226522,
        "tp": 55107,
        "fp": 277520,
        "fn": 804,
        "tn": 174516
      },
      "metrics_f1": {
        "roc_auc": 0.6275952484374394,
        "pr_auc": 0.16817789538624153,
        "f1": 0.2836633739814381,
        "precision": 0.16567205909321853,
        "recall_dr": 0.9856200032194022,
        "far": 0.6139334035342318,
        "mcc": 0.24469075729226522,
        "tp": 55107,
        "fp": 277520,
        "fn": 804,
        "tn": 174516
      },
      "youden_threshold": -0.29494805560420523,
      "f1_threshold": -0.29494805560420523,
      "val_youden_j": 0.37159371506683403,
      "val_f1": 0.2846406185027182
    },
    {
      "config_name": "8q_rzz",
      "config_label": "8q - state + proto + RZZ entanglement",
      "n_qubits": 8,
      "n_layers": 3,
      "n_params": 104,
      "n_states": 256,
      "use_rzz": true,
      "features": [
        "is_not_tcp",
        "is_int_state",
        "is_con_state",
        "dur",
        "sbytes",
        "dbytes",
        "Spkts",
        "Dpkts"
      ],
      "final_kl_normal": 0.13317296288257555,
      "metrics_youden": {
        "roc_auc": 0.6680242486939311,
        "pr_auc": 0.186792490261292,
        "f1": 0.3071087352772312,
        "precision": 0.1818995202831419,
        "recall_dr": 0.9854053764017814,
        "far": 0.5481687299241653,
        "mcc": 0.2789143781630644,
        "tp": 55095,
        "fp": 247792,
        "fn": 816,
        "tn": 204244
      },
      "metrics_f1": {
        "roc_auc": 0.6680242486939311,
        "pr_auc": 0.186792490261292,
        "f1": 0.3071087352772312,
        "precision": 0.1818995202831419,
        "recall_dr": 0.9854053764017814,
        "far": 0.5481687299241653,
        "mcc": 0.2789143781630644,
        "tp": 55095,
        "fp": 247792,
        "fn": 816,
        "tn": 204244
      },
      "youden_threshold": -0.3080630256893032,
      "f1_threshold": -0.3080630256893032,
      "val_youden_j": 0.4370116737642038,
      "val_f1": 0.3080402791979727
    }
  ]
}