{
  "roc_auc": 0.9211901695998314,
  "pr_auc": 0.7756850189304043,
  "f1": 0.6212124335951728,
  "precision": 0.5050678884729284,
  "recall_dr": 0.8067256889904326,
  "far": 0.09800120817041841,
  "mcc": 0.5827651587056629,
  "tp": 45196,
  "fp": 44289,
  "fn": 10828,
  "tn": 407634,
  "f1_threshold_metrics": {
    "roc_auc": 0.9211901695998314,
    "pr_auc": 0.7756850189304043,
    "f1": 0.7732855570185853,
    "precision": 0.977996177996178,
    "recall_dr": 0.6394402398971869,
    "far": 0.0017834896652748366,
    "mcc": 0.7722025453946452,
    "tp": 35824,
    "fp": 806,
    "fn": 20200,
    "tn": 451117
  },
  "val_youden_metrics": {
    "roc_auc": 0.9209534861644477,
    "pr_auc": 0.7758772146670978,
    "f1": 0.6210076006146945,
    "precision": 0.504907699234579,
    "recall_dr": 0.8064434935816763,
    "far": 0.09724003148185814,
    "mcc": 0.5829787828221984,
    "tp": 22428,
    "fp": 21992,
    "fn": 5383,
    "tn": 204170
  },
  "val_f1_metrics": {
    "roc_auc": 0.9209534861644477,
    "pr_auc": 0.7758772146670978,
    "f1": 0.7737096142975171,
    "precision": 0.9785513941593796,
    "recall_dr": 0.6397828197475819,
    "far": 0.0017244276226775497,
    "mcc": 0.7728284211857933,
    "tp": 17793,
    "fp": 390,
    "fn": 10018,
    "tn": 225772
  },
  "far_constrained_metrics": {
    "far_1pct": {
      "roc_auc": 0.9211901695998314,
      "pr_auc": 0.7756850189304043,
      "f1": 0.760655737704918,
      "precision": 0.9083159877093865,
      "recall_dr": 0.654291018135085,
      "far": 0.00818723543612518,
      "mcc": 0.7484011295520226,
      "tp": 36656,
      "fp": 3700,
      "fn": 19368,
      "tn": 448223
    },
    "far_2pct": {
      "roc_auc": 0.9211901695998314,
      "pr_auc": 0.7756850189304043,
      "f1": 0.760655737704918,
      "precision": 0.9083159877093865,
      "recall_dr": 0.654291018135085,
      "far": 0.00818723543612518,
      "mcc": 0.7484011295520226,
      "tp": 36656,
      "fp": 3700,
      "fn": 19368,
      "tn": 448223
    },
    "far_5pct": {
      "roc_auc": 0.9211901695998314,
      "pr_auc": 0.7756850189304043,
      "f1": 0.760655737704918,
      "precision": 0.9083159877093865,
      "recall_dr": 0.654291018135085,
      "far": 0.00818723543612518,
      "mcc": 0.7484011295520226,
      "tp": 36656,
      "fp": 3700,
      "fn": 19368,
      "tn": 448223
    },
    "far_10pct": {
      "roc_auc": 0.9211901695998314,
      "pr_auc": 0.7756850189304043,
      "f1": 0.6212124335951728,
      "precision": 0.5050678884729284,
      "recall_dr": 0.8067256889904326,
      "far": 0.09800120817041841,
      "mcc": 0.5827651587056629,
      "tp": 45196,
      "fp": 44289,
      "fn": 10828,
      "tn": 407634
    }
  },
  "majority_vote_metrics": {
    "roc_auc": 0.8335200733306656,
    "pr_auc": 0.6907654452663008,
    "f1": 0.7728184661848776,
    "precision": 0.976503298260917,
    "recall_dr": 0.6394402398971869,
    "far": 0.0019074045799837582,
    "mcc": 0.7715088378531475,
    "tp": 35824,
    "fp": 862,
    "fn": 20200,
    "tn": 451061
  },
  "two_stage_lr_metrics": {
    "roc_auc": 0.9311682397552097,
    "pr_auc": 0.771014385066611,
    "f1": 0.7709811728692376,
    "precision": 0.962865927015105,
    "recall_dr": 0.6428673425674711,
    "far": 0.0030735324380480747,
    "mcc": 0.7673531610629273,
    "tp": 36016,
    "fp": 1389,
    "fn": 20008,
    "tn": 450534
  },
  "isotonic_calibration_metrics": {
    "roc_auc": 0.9396123380871471,
    "pr_auc": 0.7633436379079077,
    "f1": 0.7709811728692376,
    "precision": 0.962865927015105,
    "recall_dr": 0.6428673425674711,
    "far": 0.0030735324380480747,
    "mcc": 0.7673531610629273,
    "tp": 36016,
    "fp": 1389,
    "fn": 20008,
    "tn": 450534
  },
  "bitstring_coverage": {
    "n_qubits": 13,
    "state_space_size": 8192,
    "n_train_samples": 1582457,
    "n_train_unique_bitstrings": 143,
    "train_coverage_pct": 1.74560546875,
    "n_normal_test_samples": 451923,
    "n_normal_test_unique_bitstrings": 121,
    "n_normal_unseen_bitstrings": 4,
    "normal_test_coverage_pct": 97.52066115702479,
    "far_floor_empirical": 8.851065336351547e-06,
    "far_floor_pct": 0.0008851065336351547,
    "far_floor_n_samples": 4,
    "expected_coverage_good_turing": 1.0,
    "expected_far_floor_good_turing": 0.0,
    "n_anomaly_test_samples": 56024,
    "n_anomaly_bitstrings_in_train": 55940,
    "anomaly_overlap_pct": 99.85006425817507
  },
  "active_threshold": "youden"
}