{
  "mode": "standard",
  "mean_": {
    "sbytes": 6.989417192159705,
    "Sload": 13.404494707611876,
    "dbytes": 6.838599242488938,
    "Dload": 11.16895289956549,
    "Dpkts": 44.738660122318414,
    "is_int_state": 0.15816120763699792,
    "is_not_tcp": 0.387617074629082,
    "is_con_state": 0.23274191579682746
  },
  "std_": {
    "sbytes": 1.6395362613843172,
    "Sload": 3.014157687425795,
    "dbytes": 3.6722452373302112,
    "Dload": 5.342835795749516,
    "Dpkts": 123.72478217178622,
    "is_int_state": 0.3648920936877152,
    "is_not_tcp": 0.4872064019335898,
    "is_con_state": 0.42257912445842605
  },
  "min_": null,
  "max_": null
}