{
  "roc_auc": 0.6430492489028473,
  "pr_auc": 0.22529504911388812,
  "f1": 0.379680774748924,
  "precision": 0.25334920929342003,
  "recall_dr": 0.7573107259752107,
  "far": 0.27605544691130796,
  "mcc": 0.32057044418503383,
  "tp": 42342,
  "fp": 124787,
  "fn": 13569,
  "tn": 327249,
  "f1_threshold_metrics": {
    "roc_auc": 0.6430492489028473,
    "pr_auc": 0.22529504911388812,
    "f1": 0.379680774748924,
    "precision": 0.25334920929342003,
    "recall_dr": 0.7573107259752107,
    "far": 0.27605544691130796,
    "mcc": 0.32057044418503383,
    "tp": 42342,
    "fp": 124787,
    "fn": 13569,
    "tn": 327249
  },
  "val_youden_metrics": {
    "roc_auc": 0.6443372736104981,
    "pr_auc": 0.22669725933894813,
    "f1": 0.3812472120617361,
    "precision": 0.2543751041691469,
    "recall_dr": 0.7606080022782287,
    "far": 0.2772743170076279,
    "mcc": 0.32221907513832565,
    "tp": 21367,
    "fp": 62631,
    "fn": 6725,
    "tn": 163250
  },
  "val_f1_metrics": {
    "roc_auc": 0.6443372736104981,
    "pr_auc": 0.22669725933894813,
    "f1": 0.3812472120617361,
    "precision": 0.2543751041691469,
    "recall_dr": 0.7606080022782287,
    "far": 0.2772743170076279,
    "mcc": 0.32221907513832565,
    "tp": 21367,
    "fp": 62631,
    "fn": 6725,
    "tn": 163250
  },
  "far_constrained_metrics": {},
  "majority_vote_metrics": {
    "roc_auc": 0.7182426633178016,
    "pr_auc": 0.18016042880505392,
    "f1": 0.23560173021534986,
    "precision": 0.1335309234031984,
    "recall_dr": 1.0,
    "far": 0.802593156297286,
    "mcc": 0.16235737779889847,
    "tp": 55911,
    "fp": 362801,
    "fn": 0,
    "tn": 89235
  },
  "two_stage_lr_metrics": {
    "roc_auc": 0.7733642269951376,
    "pr_auc": 0.4384428739332177,
    "f1": 0.6275455480186705,
    "precision": 0.53506735960442,
    "recall_dr": 0.758670029153476,
    "far": 0.08153775363024184,
    "mcc": 0.583950103851212,
    "tp": 42418,
    "fp": 36858,
    "fn": 13493,
    "tn": 415178
  },
  "isotonic_calibration_metrics": {
    "roc_auc": 0.8399576503223146,
    "pr_auc": 0.4339702667595818,
    "f1": 0.6275455480186705,
    "precision": 0.53506735960442,
    "recall_dr": 0.758670029153476,
    "far": 0.08153775363024184,
    "mcc": 0.583950103851212,
    "tp": 42418,
    "fp": 36858,
    "fn": 13493,
    "tn": 415178
  },
  "bitstring_coverage": {
    "n_qubits": 13,
    "state_space_size": 8192,
    "n_train_samples": 1582625,
    "n_train_unique_bitstrings": 305,
    "train_coverage_pct": 3.72314453125,
    "n_normal_test_samples": 452036,
    "n_normal_test_unique_bitstrings": 259,
    "n_normal_unseen_bitstrings": 11,
    "normal_test_coverage_pct": 95.75289575289575,
    "far_floor_empirical": 2.4334345052163987e-05,
    "far_floor_pct": 0.0024334345052163986,
    "far_floor_n_samples": 11,
    "expected_coverage_good_turing": 1.0,
    "expected_far_floor_good_turing": 0.0,
    "n_anomaly_test_samples": 55911,
    "n_anomaly_bitstrings_in_train": 55885,
    "anomaly_overlap_pct": 99.9534975228488
  },
  "active_threshold": "youden"
}