{
  "stage1": {
    "roc_auc": 0.9349994186363412,
    "pr_auc": 0.5229736018897336,
    "f1": 0.6012203374011247,
    "precision": 0.4461074993291031,
    "recall_dr": 0.9216969827046556,
    "far": 0.14154624852887823,
    "mcc": 0.5825183519027608,
    "tp": 51533,
    "fp": 63984,
    "fn": 4378,
    "tn": 388052,
    "f1_threshold_metrics": {
      "roc_auc": 0.9349994186363412,
      "pr_auc": 0.5229736018897336,
      "f1": 0.6376231063458121,
      "precision": 0.5506040233547028,
      "recall_dr": 0.7573107259752107,
      "far": 0.07645187551433956,
      "mcc": 0.5945172024481519,
      "tp": 42342,
      "fp": 34559,
      "fn": 13569,
      "tn": 417477
    },
    "val_youden_metrics": {
      "roc_auc": 0.9350570217138353,
      "pr_auc": 0.5244880172673623,
      "f1": 0.6004869565217391,
      "precision": 0.4452697823171361,
      "recall_dr": 0.9218282785134558,
      "far": 0.14282741797672224,
      "mcc": 0.5814888721432555,
      "tp": 25896,
      "fp": 32262,
      "fn": 2196,
      "tn": 193619
    },
    "val_f1_metrics": {
      "roc_auc": 0.9350570217138353,
      "pr_auc": 0.5244880172673623,
      "f1": 0.6399125499767898,
      "precision": 0.552275840678229,
      "recall_dr": 0.7606080022782287,
      "far": 0.07668639681956428,
      "mcc": 0.5969498878735671,
      "tp": 21367,
      "fp": 17322,
      "fn": 6725,
      "tn": 208559
    },
    "far_constrained_metrics": {
      "far_10pct": {
        "roc_auc": 0.9349994186363412,
        "pr_auc": 0.5229736018897336,
        "f1": 0.6165775803658812,
        "precision": 0.49937917119354336,
        "recall_dr": 0.8056554166443097,
        "far": 0.09989691086550628,
        "mcc": 0.5779996145185203,
        "tp": 45045,
        "fp": 45157,
        "fn": 10866,
        "tn": 406879
      }
    },
    "majority_vote_metrics": {
      "roc_auc": 0.9036573941080098,
      "pr_auc": 0.5015821799858584,
      "f1": 0.639514197998844,
      "precision": 0.5510011382450332,
      "recall_dr": 0.7619073169859241,
      "far": 0.07679255634506986,
      "mcc": 0.5969257993780074,
      "tp": 42599,
      "fp": 34713,
      "fn": 13312,
      "tn": 417323
    },
    "two_stage_lr_metrics": {
      "roc_auc": 0.9376617970075716,
      "pr_auc": 0.5295560691163769,
      "f1": 0.6596431886674889,
      "precision": 0.5117341251442721,
      "recall_dr": 0.9278138470068502,
      "far": 0.1094957038819917,
      "mcc": 0.6408104522983308,
      "tp": 51875,
      "fp": 49496,
      "fn": 4036,
      "tn": 402540
    },
    "bitstring_coverage": {
      "n_qubits": 13,
      "state_space_size": 8192,
      "n_train_samples": 1582625,
      "n_train_unique_bitstrings": 305,
      "train_coverage_pct": 3.72314453125,
      "n_normal_test_samples": 452036,
      "n_normal_test_unique_bitstrings": 259,
      "n_normal_unseen_bitstrings": 11,
      "normal_test_coverage_pct": 95.75289575289575,
      "far_floor_empirical": 2.4334345052163987e-05,
      "far_floor_pct": 0.0024334345052163986,
      "far_floor_n_samples": 11,
      "expected_coverage_good_turing": 1.0,
      "expected_far_floor_good_turing": 0.0,
      "n_anomaly_test_samples": 55911,
      "n_anomaly_bitstrings_in_train": 55885,
      "anomaly_overlap_pct": 99.9534975228488
    },
    "active_threshold": "youden"
  },
  "classical_baselines": {
    "KDE": {
      "roc_auc": 0.4595168115793273,
      "pr_auc": 0.1552437330021776,
      "f1": 0.2581404798404226,
      "precision": 0.14820018397117962,
      "recall_dr": 0.9999105721593247,
      "far": 0.7108438265978816,
      "mcc": 0.20695093053685357,
      "tp": 55906,
      "fp": 321327,
      "fn": 5,
      "tn": 130709,
      "bandwidth": 1.0,
      "train_n": 50000
    },
    "RBM_5": {
      "roc_auc": 0.49584874521774813,
      "pr_auc": 0.11943409023156973,
      "f1": 0.2272302672268549,
      "precision": 0.12899687393305712,
      "recall_dr": 0.9528178712596805,
      "far": 0.7957463564848818,
      "mcc": 0.12608979640417278,
      "tp": 53273,
      "fp": 359706,
      "fn": 2638,
      "tn": 92330,
      "n_params": 83,
      "train_n": 50000
    },
    "RBM_26": {
      "roc_auc": 0.35744853568310014,
      "pr_auc": 0.08757789544416,
      "f1": 0.19833168677711896,
      "precision": 0.1100824584754239,
      "recall_dr": 0.9999821144318649,
      "far": 0.9998805404879257,
      "mcc": 0.0030552758443646573,
      "tp": 55910,
      "fp": 451982,
      "fn": 1,
      "tn": 54,
      "n_params": 377,
      "train_n": 50000
    },
    "IsoForest": {
      "roc_auc": 0.4239243988773576,
      "pr_auc": 0.14195434464361026,
      "f1": 0.2581117266851339,
      "precision": 0.14818083750122585,
      "recall_dr": 0.9999284577274598,
      "far": 0.7109654983231424,
      "mcc": 0.2069055991019438,
      "tp": 55907,
      "fp": 321382,
      "fn": 4,
      "tn": 130654,
      "train_n": 1582625
    },
    "Autoencoder": {
      "roc_auc": 0.7611495508794789,
      "pr_auc": 0.27493182718921577,
      "f1": 0.45548188828500696,
      "precision": 0.30991887548645664,
      "recall_dr": 0.8588828674142834,
      "far": 0.23654310718615332,
      "mcc": 0.4230422575444979,
      "tp": 48021,
      "fp": 106926,
      "fn": 7890,
      "tn": 345110,
      "n_params": 175,
      "train_n": 1582625
    }
  },
  "quantum_metrics": null,
  "laplace_sweep": null
}