{
  "stage1": {
    "roc_auc": 0.9399077549619569,
    "pr_auc": 0.5317668625132589,
    "f1": 0.6460198989119974,
    "precision": 0.5018518151749817,
    "recall_dr": 0.9064048219491693,
    "far": 0.11128317213673247,
    "mcc": 0.6235455815641172,
    "tp": 50678,
    "fp": 50304,
    "fn": 5233,
    "tn": 401732,
    "f1_threshold_metrics": {
      "roc_auc": 0.9399077549619569,
      "pr_auc": 0.5317668625132589,
      "f1": 0.6508857906598878,
      "precision": 0.5135699589541051,
      "recall_dr": 0.888429825973422,
      "far": 0.10408020600129193,
      "mcc": 0.6252362654145247,
      "tp": 49673,
      "fp": 47048,
      "fn": 6238,
      "tn": 404988
    },
    "val_youden_metrics": {
      "roc_auc": 0.9398824086563637,
      "pr_auc": 0.5334023235335394,
      "f1": 0.6475106469276009,
      "precision": 0.5027753720179513,
      "recall_dr": 0.9092624234657554,
      "far": 0.11183322191773544,
      "mcc": 0.6252383968783314,
      "tp": 25543,
      "fp": 25261,
      "fn": 2549,
      "tn": 200620
    },
    "val_f1_metrics": {
      "roc_auc": 0.9398824086563637,
      "pr_auc": 0.5334023235335394,
      "f1": 0.6522203411902592,
      "precision": 0.5142305638835271,
      "recall_dr": 0.8914281646020219,
      "far": 0.10472771060868333,
      "mcc": 0.626782682075084,
      "tp": 25042,
      "fp": 23656,
      "fn": 3050,
      "tn": 202225
    },
    "far_constrained_metrics": {
      "far_10pct": {
        "roc_auc": 0.9399077549619569,
        "pr_auc": 0.5317668625132589,
        "f1": 0.6440187502306869,
        "precision": 0.548319380546547,
        "recall_dr": 0.7801863676199674,
        "far": 0.07949145643267351,
        "mcc": 0.6034091780323764,
        "tp": 43621,
        "fp": 35933,
        "fn": 12290,
        "tn": 416103
      }
    },
    "majority_vote_metrics": {
      "roc_auc": 0.8485025683962464,
      "pr_auc": 0.45159876563520807,
      "f1": 0.6376231063458121,
      "precision": 0.5506040233547028,
      "recall_dr": 0.7573107259752107,
      "far": 0.07645187551433956,
      "mcc": 0.5945172024481519,
      "tp": 42342,
      "fp": 34559,
      "fn": 13569,
      "tn": 417477
    },
    "two_stage_lr_metrics": {
      "roc_auc": 0.9370642494648549,
      "pr_auc": 0.5282890977180963,
      "f1": 0.6447147089033449,
      "precision": 0.5521206481139171,
      "recall_dr": 0.7746239559299601,
      "far": 0.07772168588342522,
      "mcc": 0.6035959499506803,
      "tp": 43310,
      "fp": 35133,
      "fn": 12601,
      "tn": 416903
    },
    "isotonic_calibration_metrics": {
      "roc_auc": 0.9387901922886974,
      "pr_auc": 0.5279191062923646,
      "f1": 0.6447147089033449,
      "precision": 0.5521206481139171,
      "recall_dr": 0.7746239559299601,
      "far": 0.07772168588342522,
      "mcc": 0.6035959499506803,
      "tp": 43310,
      "fp": 35133,
      "fn": 12601,
      "tn": 416903
    },
    "bitstring_coverage": {
      "n_qubits": 13,
      "state_space_size": 8192,
      "n_train_samples": 1582625,
      "n_train_unique_bitstrings": 305,
      "train_coverage_pct": 3.72314453125,
      "n_normal_test_samples": 452036,
      "n_normal_test_unique_bitstrings": 259,
      "n_normal_unseen_bitstrings": 11,
      "normal_test_coverage_pct": 95.75289575289575,
      "far_floor_empirical": 2.4334345052163987e-05,
      "far_floor_pct": 0.0024334345052163986,
      "far_floor_n_samples": 11,
      "expected_coverage_good_turing": 1.0,
      "expected_far_floor_good_turing": 0.0,
      "n_anomaly_test_samples": 55911,
      "n_anomaly_bitstrings_in_train": 55885,
      "anomaly_overlap_pct": 99.9534975228488
    },
    "active_threshold": "youden"
  },
  "classical_baselines": {
    "KDE": {
      "roc_auc": 0.4914515422306597,
      "pr_auc": 0.16136504129660745,
      "f1": 0.2699788241486801,
      "precision": 0.15605739169271995,
      "recall_dr": 0.9999105721593247,
      "far": 0.6688272615455406,
      "mcc": 0.2272816318527103,
      "tp": 55906,
      "fp": 302334,
      "fn": 5,
      "tn": 149702,
      "bandwidth": 1.0
    },
    "RBM_5": {
      "roc_auc": 0.4663040269443624,
      "pr_auc": 0.10762490103040315,
      "f1": 0.22066733577763667,
      "precision": 0.12460357298999072,
      "recall_dr": 0.9634240131637781,
      "far": 0.8371744728295977,
      "mcc": 0.11098750956628778,
      "tp": 53866,
      "fp": 378433,
      "fn": 2045,
      "tn": 73603,
      "n_params": 83
    },
    "RBM_26": {
      "roc_auc": 0.3983292299218009,
      "pr_auc": 0.09011853300003149,
      "f1": 0.21736731507460408,
      "precision": 0.12203336211271412,
      "recall_dr": 0.993507538766969,
      "far": 0.8840866656637967,
      "mcc": 0.1122504262577816,
      "tp": 55548,
      "fp": 399639,
      "fn": 363,
      "tn": 52397,
      "n_params": 377
    },
    "IsoForest": {
      "roc_auc": 0.4239243988773576,
      "pr_auc": 0.14195434464361026,
      "f1": 0.2581117266851339,
      "precision": 0.14818083750122585,
      "recall_dr": 0.9999284577274598,
      "far": 0.7109654983231424,
      "mcc": 0.2069055991019438,
      "tp": 55907,
      "fp": 321382,
      "fn": 4,
      "tn": 130654
    }
  },
  "quantum_metrics": {
    "expressibility_kl": 4.317488111417608,
    "entanglement_entropy": {
      "per_qubit": [
        0.9700106251397731,
        0.9799525876264539,
        0.9994331228054302,
        0.9955806775926683,
        0.9559152372412092,
        0.9974736100963051,
        0.9970656709479919,
        0.996058165961377,
        0.9823055138658692,
        0.9645086164935119,
        0.9324506313978842,
        0.20484852894963057,
        0.9784668327445701
      ],
      "mean": 0.9195438323740519,
      "max": 0.9994331228054302,
      "min": 0.20484852894963057
    }
  },
  "laplace_sweep": [
    {
      "alpha": 0.5,
      "roc_auc": 0.9398328742104084,
      "pr_auc": 0.5302220697057239,
      "f1": 0.6418711256967234,
      "precision": 0.5496125809247082,
      "recall": 0.7713508969612419,
      "far_f1": 0.07818182622622977,
      "mcc_f1": 0.6002844031761463,
      "recall_youden": 0.9231457137235964,
      "far_youden": 0.12870656319408189,
      "mcc_youden": 0.6040619495976263,
      "far_floor": 2.4334345052163987e-05,
      "far_floor_pct": 0.0024334345052163986,
      "train_coverage_pct": 3.72314453125
    },
    {
      "alpha": 1.0,
      "roc_auc": 0.9349994186363412,
      "pr_auc": 0.5229736018897336,
      "f1": 0.6376231063458121,
      "precision": 0.5506040233547028,
      "recall": 0.7573107259752107,
      "far_f1": 0.07645187551433956,
      "mcc_f1": 0.5945172024481519,
      "recall_youden": 0.9216969827046556,
      "far_youden": 0.14154624852887823,
      "mcc_youden": 0.5825183519027608,
      "far_floor": 2.4334345052163987e-05,
      "far_floor_pct": 0.0024334345052163986,
      "train_coverage_pct": 3.72314453125
    },
    {
      "alpha": 2.0,
      "roc_auc": 0.9332483668901459,
      "pr_auc": 0.5204111502984344,
      "f1": 0.6376231063458121,
      "precision": 0.5506040233547028,
      "recall": 0.7573107259752107,
      "far_f1": 0.07645187551433956,
      "mcc_f1": 0.5945172024481519,
      "recall_youden": 0.9660531916796337,
      "far_youden": 0.18330398463839162,
      "mcc_youden": 0.5521646787054009,
      "far_floor": 2.4334345052163987e-05,
      "far_floor_pct": 0.0024334345052163986,
      "train_coverage_pct": 3.72314453125
    },
    {
      "alpha": 3.0,
      "roc_auc": 0.9323010658747559,
      "pr_auc": 0.5189459177933143,
      "f1": 0.6393989366028974,
      "precision": 0.5450602652680417,
      "recall": 0.7732288816154245,
      "far_f1": 0.07982550062384412,
      "mcc_f1": 0.5978591849724217,
      "recall_youden": 0.9614566006689202,
      "far_youden": 0.17462104788114222,
      "mcc_youden": 0.5605760778832767,
      "far_floor": 2.4334345052163987e-05,
      "far_floor_pct": 0.0024334345052163986,
      "train_coverage_pct": 3.72314453125
    }
  ]
}