{
  "qcbm_quantile": {
    "roc_auc": 0.9398,
    "pr_auc": 0.5302,
    "f1": 0.6376,
    "precision": 0.5496,
    "recall_dr": 0.7714,
    "far": 0.0782,
    "mcc": 0.6003
  },
  "qcbm_anomaly_bins": {
    "roc_auc": 0.9340628728957228,
    "pr_auc": 0.7993346325452598,
    "f1": 0.7708485715800074,
    "precision": 0.9462575473662295,
    "recall_dr": 0.650301371823076,
    "far": 0.004568220230247148,
    "mcc": 0.764290572293959
  },
  "classical_quantile_bins": {
    "IsoForest": {
      "roc_auc": 0.4239243988773576,
      "pr_auc": 0.14195434464361026,
      "f1": 0.2581117266851339,
      "precision": 0.14818083750122585,
      "recall_dr": 0.9999284577274598,
      "far": 0.7109654983231424,
      "mcc": 0.2069055991019438,
      "tp": 55907,
      "fp": 321382,
      "fn": 4,
      "tn": 130654,
      "train_n": 1582625
    },
    "Autoencoder": {
      "roc_auc": 0.7611495508794789,
      "pr_auc": 0.27493182718921577,
      "f1": 0.45548188828500696,
      "precision": 0.30991887548645664,
      "recall_dr": 0.8588828674142834,
      "far": 0.23654310718615332,
      "mcc": 0.4230422575444979,
      "tp": 48021,
      "fp": 106926,
      "fn": 7890,
      "tn": 345110,
      "train_n": 1582625
    },
    "KDE": {
      "roc_auc": 0.4595168115793273,
      "pr_auc": 0.1552437330021776,
      "f1": 0.2581404798404226,
      "precision": 0.14820018397117962,
      "recall_dr": 0.9999105721593247,
      "far": 0.7108438265978816,
      "mcc": 0.20695093053685357,
      "tp": 55906,
      "fp": 321327,
      "fn": 5,
      "tn": 130709,
      "train_n": 50000
    },
    "RBM": {
      "roc_auc": 0.49584874521774813,
      "pr_auc": 0.11943409023156973,
      "f1": 0.2272302672268549,
      "precision": 0.12899687393305712,
      "recall_dr": 0.9528178712596805,
      "far": 0.7957463564848818,
      "mcc": 0.12608979640417278,
      "tp": 53273,
      "fp": 359706,
      "fn": 2638,
      "tn": 92330,
      "train_n": 50000
    }
  },
  "classical_anomaly_bins": {
    "IsoForest": {
      "roc_auc": 0.8997162167456164,
      "pr_auc": 0.6523336159149176,
      "f1": 0.7410310167133648,
      "precision": 0.8192708446158179,
      "recall_dr": 0.6764321868684159,
      "far": 0.018456494615473103,
      "mcc": 0.7164378770401871,
      "tp": 37820,
      "fp": 8343,
      "fn": 18091,
      "tn": 443693,
      "train_n": 1582625
    },
    "Autoencoder": {
      "roc_auc": 0.8648275432201714,
      "pr_auc": 0.5513175680309254,
      "f1": 0.7416327099223349,
      "precision": 0.7225700276547734,
      "recall_dr": 0.7617284613045734,
      "far": 0.036174110026635044,
      "mcc": 0.709039239411432,
      "tp": 42589,
      "fp": 16352,
      "fn": 13322,
      "tn": 435684,
      "train_n": 1582625
    },
    "KDE": {
      "roc_auc": 0.9191305056999821,
      "pr_auc": 0.6925254125695129,
      "f1": 0.7602075611564122,
      "precision": 0.8496155885471898,
      "recall_dr": 0.6878252937704566,
      "far": 0.015058535160916387,
      "mcc": 0.7390629479013807,
      "tp": 38457,
      "fp": 6807,
      "fn": 17454,
      "tn": 445229,
      "train_n": 50000
    },
    "RBM": {
      "roc_auc": 0.5056864778528442,
      "pr_auc": 0.1319116552147869,
      "f1": 0.2283239071808036,
      "precision": 0.1311678069782808,
      "recall_dr": 0.8805422904258554,
      "far": 0.7214115689900804,
      "mcc": 0.11339379430712981,
      "tp": 49232,
      "fp": 326104,
      "fn": 6679,
      "tn": 125932,
      "train_n": 50000
    }
  }
}