{
  "coef_": [
    [
      -1.6737236956647643,
      -1.5596442625956943,
      2.7670337554999644,
      1.0808802544963008,
      -0.8663824006515823,
      -0.005925216605119441,
      -3.8903017666887307,
      0.6484848535917206
    ]
  ],
  "intercept_": [
    -4.293288482668949
  ],
  "classes_": [
    0,
    1
  ]
}