{
  "qcbm": {
    "roc_auc": 0.9349994186363412,
    "pr_auc": 0.5229736018897336
  },
  "classical": {
    "KDE": {
      "roc_auc": 0.4595168115793273,
      "pr_auc": 0.1552437330021776,
      "f1": 0.2581404798404226,
      "precision": 0.14820018397117962,
      "recall_dr": 0.9999105721593247,
      "far": 0.7108438265978816,
      "mcc": 0.20695093053685357,
      "tp": 55906,
      "fp": 321327,
      "fn": 5,
      "tn": 130709,
      "bandwidth": 1.0,
      "train_n": 50000
    },
    "RBM_5": {
      "roc_auc": 0.49584874521774813,
      "pr_auc": 0.11943409023156973,
      "f1": 0.2272302672268549,
      "precision": 0.12899687393305712,
      "recall_dr": 0.9528178712596805,
      "far": 0.7957463564848818,
      "mcc": 0.12608979640417278,
      "tp": 53273,
      "fp": 359706,
      "fn": 2638,
      "tn": 92330,
      "n_params": 83,
      "train_n": 50000
    },
    "RBM_26": {
      "roc_auc": 0.35744853568310014,
      "pr_auc": 0.08757789544416,
      "f1": 0.19833168677711896,
      "precision": 0.1100824584754239,
      "recall_dr": 0.9999821144318649,
      "far": 0.9998805404879257,
      "mcc": 0.0030552758443646573,
      "tp": 55910,
      "fp": 451982,
      "fn": 1,
      "tn": 54,
      "n_params": 377,
      "train_n": 50000
    },
    "IsoForest": {
      "roc_auc": 0.4239243988773576,
      "pr_auc": 0.14195434464361026,
      "f1": 0.2581117266851339,
      "precision": 0.14818083750122585,
      "recall_dr": 0.9999284577274598,
      "far": 0.7109654983231424,
      "mcc": 0.2069055991019438,
      "tp": 55907,
      "fp": 321382,
      "fn": 4,
      "tn": 130654,
      "train_n": 1582625
    },
    "Autoencoder": {
      "roc_auc": 0.7611495508794789,
      "pr_auc": 0.27493182718921577,
      "f1": 0.45548188828500696,
      "precision": 0.30991887548645664,
      "recall_dr": 0.8588828674142834,
      "far": 0.23654310718615332,
      "mcc": 0.4230422575444979,
      "tp": 48021,
      "fp": 106926,
      "fn": 7890,
      "tn": 345110,
      "n_params": 175,
      "train_n": 1582625
    }
  }
}