{
  "qcbm": {
    "roc_auc": 0.9399077549619569,
    "pr_auc": 0.5317668625132589
  },
  "classical": {
    "KDE": {
      "roc_auc": 0.4914515422306597,
      "pr_auc": 0.16136504129660745,
      "f1": 0.2699788241486801,
      "precision": 0.15605739169271995,
      "recall_dr": 0.9999105721593247,
      "far": 0.6688272615455406,
      "mcc": 0.2272816318527103,
      "tp": 55906,
      "fp": 302334,
      "fn": 5,
      "tn": 149702,
      "bandwidth": 1.0
    },
    "RBM_5": {
      "roc_auc": 0.4663040269443624,
      "pr_auc": 0.10762490103040315,
      "f1": 0.22066733577763667,
      "precision": 0.12460357298999072,
      "recall_dr": 0.9634240131637781,
      "far": 0.8371744728295977,
      "mcc": 0.11098750956628778,
      "tp": 53866,
      "fp": 378433,
      "fn": 2045,
      "tn": 73603,
      "n_params": 83
    },
    "RBM_26": {
      "roc_auc": 0.3983292299218009,
      "pr_auc": 0.09011853300003149,
      "f1": 0.21736731507460408,
      "precision": 0.12203336211271412,
      "recall_dr": 0.993507538766969,
      "far": 0.8840866656637967,
      "mcc": 0.1122504262577816,
      "tp": 55548,
      "fp": 399639,
      "fn": 363,
      "tn": 52397,
      "n_params": 377
    },
    "IsoForest": {
      "roc_auc": 0.4239243988773576,
      "pr_auc": 0.14195434464361026,
      "f1": 0.2581117266851339,
      "precision": 0.14818083750122585,
      "recall_dr": 0.9999284577274598,
      "far": 0.7109654983231424,
      "mcc": 0.2069055991019438,
      "tp": 55907,
      "fp": 321382,
      "fn": 4,
      "tn": 130654
    }
  },
  "quantum_metrics": {
    "expressibility_kl": 4.317488111417608,
    "entanglement_entropy": {
      "per_qubit": [
        0.9700106251397731,
        0.9799525876264539,
        0.9994331228054302,
        0.9955806775926683,
        0.9559152372412092,
        0.9974736100963051,
        0.9970656709479919,
        0.996058165961377,
        0.9823055138658692,
        0.9645086164935119,
        0.9324506313978842,
        0.20484852894963057,
        0.9784668327445701
      ],
      "mean": 0.9195438323740519,
      "max": 0.9994331228054302,
      "min": 0.20484852894963057
    }
  }
}