{
  "mode": "standard",
  "mean_": {
    "sbytes": 6.989693190428196,
    "Sload": 13.40606633482372,
    "dbytes": 6.837768997026936,
    "Dload": 11.167102652929596,
    "Dpkts": 44.80070243371232,
    "tcprtt": 0.005883873147941383,
    "Spkts": 34.72844592166019,
    "dur": 0.7956704320051704
  },
  "std_": {
    "sbytes": 1.6388213659300792,
    "Sload": 3.0123978880553475,
    "dbytes": 3.6727874019121356,
    "Dload": 5.343258771981494,
    "Dpkts": 124.28804851794744,
    "tcprtt": 0.04166517140067149,
    "Spkts": 76.01418195842588,
    "dur": 24.163565079278843
  },
  "min_": null,
  "max_": null
}