{
  "roc_auc": 0.7120225346837682,
  "pr_auc": 0.28777625950248814,
  "f1": 0.46525835782765157,
  "precision": 0.33577047516335723,
  "recall_dr": 0.7573107259752107,
  "far": 0.18529940093266908,
  "mcc": 0.41441257086713235,
  "tp": 42342,
  "fp": 83762,
  "fn": 13569,
  "tn": 368274,
  "f1_threshold_metrics": {
    "roc_auc": 0.7120225346837682,
    "pr_auc": 0.28777625950248814,
    "f1": 0.46525835782765157,
    "precision": 0.33577047516335723,
    "recall_dr": 0.7573107259752107,
    "far": 0.18529940093266908,
    "mcc": 0.41441257086713235,
    "tp": 42342,
    "fp": 83762,
    "fn": 13569,
    "tn": 368274
  },
  "active_threshold": "youden"
}