{
  "mode": "standard",
  "mean_": {
    "sbytes": 6.989693190428196,
    "Sload": 13.40606633482372,
    "dbytes": 6.837768997026936,
    "Dload": 11.167102652929596,
    "Dpkts": 44.80070243371232,
    "is_not_tcp": 0.3876513863334794,
    "is_int_state": 0.15831870398505135,
    "is_con_state": 0.2326721674141181
  },
  "std_": {
    "sbytes": 1.6388213659300792,
    "Sload": 3.0123978880553475,
    "dbytes": 3.6727874019121356,
    "Dload": 5.343258771981494,
    "Dpkts": 124.28804851794744,
    "is_not_tcp": 0.4872143152732798,
    "is_int_state": 0.36503957587300734,
    "is_con_state": 0.4225350043782583
  },
  "min_": null,
  "max_": null
}