{
  "mode": "standard",
  "mean_": {
    "sbytes": 6.989693190428195,
    "dbytes": 6.837768997026935,
    "tcprtt": 0.00588387314794138,
    "dur": 0.7956704320051704
  },
  "std_": {
    "sbytes": 1.6388213659300794,
    "dbytes": 3.6727874019121365,
    "tcprtt": 0.04166517140067148,
    "dur": 24.163565079278836
  },
  "min_": null,
  "max_": null
}