{
  "roc_auc": 0.3155554839678077,
  "pr_auc": 0.10087741208557052
}