{
  "roc_auc": 0.7245541129992614,
  "pr_auc": 0.20886387033522397,
  "f1": 0.3545449334346025,
  "precision": 0.2216761568546635,
  "recall_dr": 0.8849957968914882,
  "far": 0.3843322213275049,
  "mcc": 0.3157197362862021,
  "tp": 49481,
  "fp": 173732,
  "fn": 6430,
  "tn": 278304,
  "f1_threshold_metrics": {
    "roc_auc": 0.7245541129992614,
    "pr_auc": 0.20886387033522397,
    "f1": 0.3545449334346025,
    "precision": 0.2216761568546635,
    "recall_dr": 0.8849957968914882,
    "far": 0.3843322213275049,
    "mcc": 0.3157197362862021,
    "tp": 49481,
    "fp": 173732,
    "fn": 6430,
    "tn": 278304
  },
  "active_threshold": "youden"
}