{
  "roc_auc": 0.902529439777857,
  "pr_auc": 0.48873127390219184,
  "f1": 0.6376231063458121,
  "precision": 0.5506040233547028,
  "recall_dr": 0.7573107259752107,
  "far": 0.07645187551433956,
  "mcc": 0.5945172024481519,
  "tp": 42342,
  "fp": 34559,
  "fn": 13569,
  "tn": 417477,
  "f1_threshold_metrics": {
    "roc_auc": 0.902529439777857,
    "pr_auc": 0.48873127390219184,
    "f1": 0.6376231063458121,
    "precision": 0.5506040233547028,
    "recall_dr": 0.7573107259752107,
    "far": 0.07645187551433956,
    "mcc": 0.5945172024481519,
    "tp": 42342,
    "fp": 34559,
    "fn": 13569,
    "tn": 417477
  },
  "val_youden_metrics": {
    "roc_auc": 0.9035610794468325,
    "pr_auc": 0.49138079721517874,
    "f1": 0.6399125499767898,
    "precision": 0.552275840678229,
    "recall_dr": 0.7606080022782287,
    "far": 0.07668639681956428,
    "mcc": 0.5969498878735671,
    "tp": 21367,
    "fp": 17322,
    "fn": 6725,
    "tn": 208559
  },
  "val_f1_metrics": {
    "roc_auc": 0.9035610794468325,
    "pr_auc": 0.49138079721517874,
    "f1": 0.6399125499767898,
    "precision": 0.552275840678229,
    "recall_dr": 0.7606080022782287,
    "far": 0.07668639681956428,
    "mcc": 0.5969498878735671,
    "tp": 21367,
    "fp": 17322,
    "fn": 6725,
    "tn": 208559
  },
  "far_constrained_metrics": {
    "far_10pct": {
      "roc_auc": 0.902529439777857,
      "pr_auc": 0.48873127390219184,
      "f1": 0.5937281254374912,
      "precision": 0.48775719099702125,
      "recall_dr": 0.7585269446083955,
      "far": 0.09852976311621198,
      "mcc": 0.548409425489308,
      "tp": 42410,
      "fp": 44539,
      "fn": 13501,
      "tn": 407497
    }
  },
  "active_threshold": "youden"
}