{
  "mode": "standard",
  "mean_": {
    "sbytes": 6.990118448034166,
    "Sload": 13.405751440937816,
    "dbytes": 6.837863762269339,
    "Dload": 11.167212632068455,
    "Dpkts": 44.64038746351569,
    "tcprtt": 0.005919104272144684,
    "Spkts": 34.68152494714029,
    "dur": 0.7868939480211428
  },
  "std_": {
    "sbytes": 1.6392852804499423,
    "Sload": 3.01324786678365,
    "dbytes": 3.6716128531471504,
    "Dload": 5.342874034959672,
    "Dpkts": 123.26852240395834,
    "tcprtt": 0.04196998540368664,
    "Spkts": 76.06943083315815,
    "dur": 22.333646917483353
  },
  "min_": null,
  "max_": null
}