{
  "roc_auc": 0.8951814759489732,
  "pr_auc": 0.4305559091111041,
  "f1": 0.44074201166710403,
  "precision": 0.2846126573302606,
  "recall_dr": 0.9763195077891649,
  "far": 0.30353113468838766,
  "mcc": 0.4343576323200066,
  "tp": 54587,
  "fp": 137207,
  "fn": 1324,
  "tn": 314829,
  "f1_threshold_metrics": {
    "roc_auc": 0.8951814759489732,
    "pr_auc": 0.4305559091111041,
    "f1": 0.5852523906035338,
    "precision": 0.47217497229020117,
    "recall_dr": 0.7695444545795997,
    "far": 0.10640081763399376,
    "mcc": 0.5409440961051395,
    "tp": 43026,
    "fp": 48097,
    "fn": 12885,
    "tn": 403939
  },
  "far_constrained_metrics": {},
  "active_threshold": "youden"
}