{
  "mode": "standard",
  "mean_": {
    "sbytes": 6.989693190428195,
    "dbytes": 6.837768997026935,
    "Dpkts": 44.80070243371232,
    "is_int_state": 0.15831870398505135,
    "is_not_tcp": 0.3876513863334794,
    "Spkts": 34.72844592166019,
    "is_con_state": 0.2326721674141181,
    "dur": 0.7956704320051704
  },
  "std_": {
    "sbytes": 1.6388213659300794,
    "dbytes": 3.6727874019121365,
    "Dpkts": 124.28804851794744,
    "is_int_state": 0.36503957587300745,
    "is_not_tcp": 0.48721431527327985,
    "Spkts": 76.01418195842588,
    "is_con_state": 0.4225350043782582,
    "dur": 24.163565079278836
  },
  "min_": null,
  "max_": null
}