{
  "roc_auc": 0.9349994186363412,
  "pr_auc": 0.5229736018897336,
  "f1": 0.6012203374011247,
  "precision": 0.4461074993291031,
  "recall_dr": 0.9216969827046556,
  "far": 0.14154624852887823,
  "mcc": 0.5825183519027608,
  "tp": 51533,
  "fp": 63984,
  "fn": 4378,
  "tn": 388052,
  "f1_threshold_metrics": {
    "roc_auc": 0.9349994186363412,
    "pr_auc": 0.5229736018897336,
    "f1": 0.6376231063458121,
    "precision": 0.5506040233547028,
    "recall_dr": 0.7573107259752107,
    "far": 0.07645187551433956,
    "mcc": 0.5945172024481519,
    "tp": 42342,
    "fp": 34559,
    "fn": 13569,
    "tn": 417477
  },
  "val_youden_metrics": {
    "roc_auc": 0.9350570217138353,
    "pr_auc": 0.5244880172673623,
    "f1": 0.6004869565217391,
    "precision": 0.4452697823171361,
    "recall_dr": 0.9218282785134558,
    "far": 0.14282741797672224,
    "mcc": 0.5814888721432555,
    "tp": 25896,
    "fp": 32262,
    "fn": 2196,
    "tn": 193619
  },
  "val_f1_metrics": {
    "roc_auc": 0.9350570217138353,
    "pr_auc": 0.5244880172673623,
    "f1": 0.6399125499767898,
    "precision": 0.552275840678229,
    "recall_dr": 0.7606080022782287,
    "far": 0.07668639681956428,
    "mcc": 0.5969498878735671,
    "tp": 21367,
    "fp": 17322,
    "fn": 6725,
    "tn": 208559
  },
  "far_constrained_metrics": {
    "far_10pct": {
      "roc_auc": 0.9349994186363412,
      "pr_auc": 0.5229736018897336,
      "f1": 0.6165775803658812,
      "precision": 0.49937917119354336,
      "recall_dr": 0.8056554166443097,
      "far": 0.09989691086550628,
      "mcc": 0.5779996145185203,
      "tp": 45045,
      "fp": 45157,
      "fn": 10866,
      "tn": 406879
    }
  },
  "majority_vote_metrics": {
    "roc_auc": 0.9036573941080098,
    "pr_auc": 0.5015821799858584,
    "f1": 0.639514197998844,
    "precision": 0.5510011382450332,
    "recall_dr": 0.7619073169859241,
    "far": 0.07679255634506986,
    "mcc": 0.5969257993780074,
    "tp": 42599,
    "fp": 34713,
    "fn": 13312,
    "tn": 417323
  },
  "two_stage_lr_metrics": {
    "roc_auc": 0.9376617970075716,
    "pr_auc": 0.5295560691163769,
    "f1": 0.6596431886674889,
    "precision": 0.5117341251442721,
    "recall_dr": 0.9278138470068502,
    "far": 0.1094957038819917,
    "mcc": 0.6408104522983308,
    "tp": 51875,
    "fp": 49496,
    "fn": 4036,
    "tn": 402540
  },
  "bitstring_coverage": {
    "n_qubits": 13,
    "state_space_size": 8192,
    "n_train_samples": 1582625,
    "n_train_unique_bitstrings": 305,
    "train_coverage_pct": 3.72314453125,
    "n_normal_test_samples": 452036,
    "n_normal_test_unique_bitstrings": 259,
    "n_normal_unseen_bitstrings": 11,
    "normal_test_coverage_pct": 95.75289575289575,
    "far_floor_empirical": 2.4334345052163987e-05,
    "far_floor_pct": 0.0024334345052163986,
    "far_floor_n_samples": 11,
    "expected_coverage_good_turing": 1.0,
    "expected_far_floor_good_turing": 0.0,
    "n_anomaly_test_samples": 55911,
    "n_anomaly_bitstrings_in_train": 55885,
    "anomaly_overlap_pct": 99.9534975228488
  },
  "active_threshold": "youden"
}