{
  "roc_auc": 0.9061972098703945,
  "pr_auc": 0.43759819985277004,
  "f1": 0.44638809998020434,
  "precision": 0.2883184252001378,
  "recall_dr": 0.9881239827583124,
  "far": 0.3016817244644232,
  "mcc": 0.4432528098279378,
  "tp": 55247,
  "fp": 136371,
  "fn": 664,
  "tn": 315665,
  "f1_threshold_metrics": {
    "roc_auc": 0.9061972098703945,
    "pr_auc": 0.43759819985277004,
    "f1": 0.5889139167574576,
    "precision": 0.4701600853788687,
    "recall_dr": 0.7879308186224535,
    "far": 0.10982753585997575,
    "mcc": 0.5471816277675611,
    "tp": 44054,
    "fp": 49646,
    "fn": 11857,
    "tn": 402390
  },
  "active_threshold": "youden"
}