{
  "roc_auc": 0.539842859671709,
  "pr_auc": 0.17643913846705278,
  "f1": 0.31329251032610267,
  "precision": 0.19626612140760075,
  "recall_dr": 0.7759832591082255,
  "far": 0.39304612906936615,
  "mcc": 0.241742371660143,
  "tp": 43386,
  "fp": 177671,
  "fn": 12525,
  "tn": 274365
}