{
  "roc_auc": 0.6118697628009542,
  "pr_auc": 0.2092054397464985,
  "f1": 0.3611009820317117,
  "precision": 0.235612317453372,
  "recall_dr": 0.7725846082106282,
  "far": 0.30905813927773723,
  "mcc": 0.3018847300168517,
  "tp": 43077,
  "fp": 139753,
  "fn": 12680,
  "tn": 312437,
  "f1_threshold_metrics": {
    "roc_auc": 0.6118697628009542,
    "pr_auc": 0.2092054397464985,
    "f1": 0.3611009820317117,
    "precision": 0.235612317453372,
    "recall_dr": 0.7725846082106282,
    "far": 0.30905813927773723,
    "mcc": 0.3018847300168517,
    "tp": 43077,
    "fp": 139753,
    "fn": 12680,
    "tn": 312437
  },
  "active_threshold": "youden"
}