{
  "roc_auc": 0.7055588214600228,
  "pr_auc": 0.26368031500038086,
  "f1": 0.4283286462864426,
  "precision": 0.29860998469643224,
  "recall_dr": 0.7573107259752107,
  "far": 0.22001566246936086,
  "mcc": 0.37487368169466484,
  "tp": 42342,
  "fp": 99455,
  "fn": 13569,
  "tn": 352581,
  "f1_threshold_metrics": {
    "roc_auc": 0.7055588214600228,
    "pr_auc": 0.26368031500038086,
    "f1": 0.4283286462864426,
    "precision": 0.29860998469643224,
    "recall_dr": 0.7573107259752107,
    "far": 0.22001566246936086,
    "mcc": 0.37487368169466484,
    "tp": 42342,
    "fp": 99455,
    "fn": 13569,
    "tn": 352581
  },
  "active_threshold": "youden"
}