{
  "roc_auc": 0.6842111497379231,
  "pr_auc": 0.1757623284410338
}