{
  "roc_auc": 0.7684353342311335,
  "pr_auc": 0.39897489621791427
}