{
  "mode": "standard",
  "mean_": {
    "sbytes": 6.989693190428195,
    "Sload": 13.406066334823723,
    "dbytes": 6.837768997026935,
    "Dload": 11.167102652929593,
    "Dpkts": 44.80070243371232,
    "tcprtt": 0.00588387314794138,
    "Spkts": 34.72844592166019,
    "dur": 0.7956704320051704
  },
  "std_": {
    "sbytes": 1.6388213659300794,
    "Sload": 3.012397888055347,
    "dbytes": 3.6727874019121365,
    "Dload": 5.343258771981492,
    "Dpkts": 124.28804851794744,
    "tcprtt": 0.04166517140067148,
    "Spkts": 76.01418195842588,
    "dur": 24.163565079278836
  },
  "min_": null,
  "max_": null
}