{
  "roc_auc": 0.7688005683294098,
  "pr_auc": 0.3917167157705676,
  "f1": 0.5852563710187509,
  "precision": 0.47218015407914665,
  "recall_dr": 0.7695444545795997,
  "far": 0.10639860542080719,
  "mcc": 0.5409482200171344,
  "tp": 43026,
  "fp": 48096,
  "fn": 12885,
  "tn": 403940,
  "f1_threshold_metrics": {
    "roc_auc": 0.7688005683294098,
    "pr_auc": 0.3917167157705676,
    "f1": 0.5852563710187509,
    "precision": 0.47218015407914665,
    "recall_dr": 0.7695444545795997,
    "far": 0.10639860542080719,
    "mcc": 0.5409482200171344,
    "tp": 43026,
    "fp": 48096,
    "fn": 12885,
    "tn": 403940
  },
  "active_threshold": "youden"
}