{
  "roc_auc": 0.822315635004903,
  "pr_auc": 0.7428618010790243
}