{
  "roc_auc": 0.9399077549619569,
  "pr_auc": 0.5317668625132589,
  "f1": 0.6460198989119974,
  "precision": 0.5018518151749817,
  "recall_dr": 0.9064048219491693,
  "far": 0.11128317213673247,
  "mcc": 0.6235455815641172,
  "tp": 50678,
  "fp": 50304,
  "fn": 5233,
  "tn": 401732,
  "f1_threshold_metrics": {
    "roc_auc": 0.9399077549619569,
    "pr_auc": 0.5317668625132589,
    "f1": 0.6508857906598878,
    "precision": 0.5135699589541051,
    "recall_dr": 0.888429825973422,
    "far": 0.10408020600129193,
    "mcc": 0.6252362654145247,
    "tp": 49673,
    "fp": 47048,
    "fn": 6238,
    "tn": 404988
  },
  "val_youden_metrics": {
    "roc_auc": 0.9398824086563637,
    "pr_auc": 0.5334023235335394,
    "f1": 0.6475106469276009,
    "precision": 0.5027753720179513,
    "recall_dr": 0.9092624234657554,
    "far": 0.11183322191773544,
    "mcc": 0.6252383968783314,
    "tp": 25543,
    "fp": 25261,
    "fn": 2549,
    "tn": 200620
  },
  "val_f1_metrics": {
    "roc_auc": 0.9398824086563637,
    "pr_auc": 0.5334023235335394,
    "f1": 0.6522203411902592,
    "precision": 0.5142305638835271,
    "recall_dr": 0.8914281646020219,
    "far": 0.10472771060868333,
    "mcc": 0.626782682075084,
    "tp": 25042,
    "fp": 23656,
    "fn": 3050,
    "tn": 202225
  },
  "far_constrained_metrics": {
    "far_10pct": {
      "roc_auc": 0.9399077549619569,
      "pr_auc": 0.5317668625132589,
      "f1": 0.6440187502306869,
      "precision": 0.548319380546547,
      "recall_dr": 0.7801863676199674,
      "far": 0.07949145643267351,
      "mcc": 0.6034091780323764,
      "tp": 43621,
      "fp": 35933,
      "fn": 12290,
      "tn": 416103
    }
  },
  "majority_vote_metrics": {
    "roc_auc": 0.8485025683962464,
    "pr_auc": 0.45159876563520807,
    "f1": 0.6376231063458121,
    "precision": 0.5506040233547028,
    "recall_dr": 0.7573107259752107,
    "far": 0.07645187551433956,
    "mcc": 0.5945172024481519,
    "tp": 42342,
    "fp": 34559,
    "fn": 13569,
    "tn": 417477
  },
  "two_stage_lr_metrics": {
    "roc_auc": 0.9370642494648549,
    "pr_auc": 0.5282890977180963,
    "f1": 0.6447147089033449,
    "precision": 0.5521206481139171,
    "recall_dr": 0.7746239559299601,
    "far": 0.07772168588342522,
    "mcc": 0.6035959499506803,
    "tp": 43310,
    "fp": 35133,
    "fn": 12601,
    "tn": 416903
  },
  "isotonic_calibration_metrics": {
    "roc_auc": 0.9387901922886974,
    "pr_auc": 0.5279191062923646,
    "f1": 0.6447147089033449,
    "precision": 0.5521206481139171,
    "recall_dr": 0.7746239559299601,
    "far": 0.07772168588342522,
    "mcc": 0.6035959499506803,
    "tp": 43310,
    "fp": 35133,
    "fn": 12601,
    "tn": 416903
  },
  "bitstring_coverage": {
    "n_qubits": 13,
    "state_space_size": 8192,
    "n_train_samples": 1582625,
    "n_train_unique_bitstrings": 305,
    "train_coverage_pct": 3.72314453125,
    "n_normal_test_samples": 452036,
    "n_normal_test_unique_bitstrings": 259,
    "n_normal_unseen_bitstrings": 11,
    "normal_test_coverage_pct": 95.75289575289575,
    "far_floor_empirical": 2.4334345052163987e-05,
    "far_floor_pct": 0.0024334345052163986,
    "far_floor_n_samples": 11,
    "expected_coverage_good_turing": 1.0,
    "expected_far_floor_good_turing": 0.0,
    "n_anomaly_test_samples": 55911,
    "n_anomaly_bitstrings_in_train": 55885,
    "anomaly_overlap_pct": 99.9534975228488
  },
  "active_threshold": "youden"
}