{
  "roc_auc": 0.6791994667026205,
  "pr_auc": 0.19081010390100106
}