{
  "roc_auc": 0.9349994186363412,
  "pr_auc": 0.5229736018897336,
  "f1": 0.6012203374011247,
  "precision": 0.4461074993291031,
  "recall_dr": 0.9216969827046556,
  "far": 0.14154624852887823,
  "mcc": 0.5825183519027608,
  "tp": 51533,
  "fp": 63984,
  "fn": 4378,
  "tn": 388052,
  "f1_threshold_metrics": {
    "roc_auc": 0.9349994186363412,
    "pr_auc": 0.5229736018897336,
    "f1": 0.6376231063458121,
    "precision": 0.5506040233547028,
    "recall_dr": 0.7573107259752107,
    "far": 0.07645187551433956,
    "mcc": 0.5945172024481519,
    "tp": 42342,
    "fp": 34559,
    "fn": 13569,
    "tn": 417477
  },
  "far_constrained_metrics": {
    "far_10pct": {
      "roc_auc": 0.9349994186363412,
      "pr_auc": 0.5229736018897336,
      "f1": 0.6165775803658812,
      "precision": 0.49937917119354336,
      "recall_dr": 0.8056554166443097,
      "far": 0.09989691086550628,
      "mcc": 0.5779996145185203,
      "tp": 45045,
      "fp": 45157,
      "fn": 10866,
      "tn": 406879
    }
  },
  "active_threshold": "youden"
}