{
  "roc_auc": 0.9082055245889734,
  "pr_auc": 0.44063932723591426,
  "f1": 0.4506868759381322,
  "precision": 0.2919152263852856,
  "recall_dr": 0.9881239827583124,
  "far": 0.2964586891309542,
  "mcc": 0.44773488334523637,
  "tp": 55247,
  "fp": 134010,
  "fn": 664,
  "tn": 318026,
  "f1_threshold_metrics": {
    "roc_auc": 0.9082055245889734,
    "pr_auc": 0.44063932723591426,
    "f1": 0.5874291650296658,
    "precision": 0.4679298126498483,
    "recall_dr": 0.7888966393017475,
    "far": 0.11095134015874841,
    "mcc": 0.5457912680823319,
    "tp": 44108,
    "fp": 50154,
    "fn": 11803,
    "tn": 401882
  },
  "active_threshold": "youden"
}