{
  "mode": "standard",
  "mean_": {
    "dur": 0.7956704320051704,
    "sbytes": 4454.936371475386,
    "dbytes": 38290.274729317214,
    "tcprtt": 0.00588387314794138
  },
  "std_": {
    "dur": 24.163565079278836,
    "sbytes": 53046.11027266537,
    "dbytes": 165096.7222363193,
    "tcprtt": 0.04166517140067148
  },
  "min_": null,
  "max_": null
}