{
  "roc_auc": 0.6279398144796958,
  "pr_auc": 0.18102238307677654
}