{
  "roc_auc": 0.6707288602529731,
  "pr_auc": 0.259439041064128,
  "f1": 0.43827694688508567,
  "precision": 0.3063238716012837,
  "recall_dr": 0.7699379370785713,
  "far": 0.2156531780654638,
  "mcc": 0.3877956900119342,
  "tp": 43048,
  "fp": 97483,
  "fn": 12863,
  "tn": 354553,
  "f1_threshold_metrics": {
    "roc_auc": 0.6707288602529731,
    "pr_auc": 0.259439041064128,
    "f1": 0.43827694688508567,
    "precision": 0.3063238716012837,
    "recall_dr": 0.7699379370785713,
    "far": 0.2156531780654638,
    "mcc": 0.3877956900119342,
    "tp": 43048,
    "fp": 97483,
    "fn": 12863,
    "tn": 354553
  },
  "active_threshold": "youden"
}