{
  "roc_auc": 0.18316263412326952,
  "pr_auc": 0.094919443566561
}