{
  "roc_auc": 0.166126923426384,
  "pr_auc": 0.11766493403633341
}