{
  "roc_auc": 0.9660859677361954,
  "pr_auc": 0.7435773220395572
}