{
  "mode": "standard",
  "mean_": {
    "dur": 0.7956704320051704,
    "sbytes": 4454.936371475386,
    "dbytes": 38290.274729317214,
    "Spkts": 34.72844592166019,
    "Dpkts": 44.80070243371232,
    "Sload": 29898953.87585144,
    "Dload": 2561807.2750518117,
    "tcprtt": 0.00588387314794138
  },
  "std_": {
    "dur": 24.163565079278836,
    "sbytes": 53046.11027266537,
    "dbytes": 165096.7222363193,
    "Spkts": 76.01418195842588,
    "Dpkts": 124.28804851794744,
    "Sload": 107814644.10536207,
    "Dload": 4285922.182214101,
    "tcprtt": 0.04166517140067148
  },
  "min_": null,
  "max_": null
}